{
  "compositions": [
    {
      "elements": [
        {
          "v": "AudioProvider",
          "objType": "AudioProvider",
          "ver": "10",
          "_name": "Audio Provider",
          "sampleProvider": {
            "v": "Spectrum",
            "t": "_child Waveform Spectrum",
            "o": 0,
            "tag": "0_general"
          },
          "fftSize": {
            "v": 13,
            "t": "i 7 13",
            "o": 1,
            "tag": "Performance"
          },
          "sampleOutCount": {
            "v": 77,
            "t": "i 0 512",
            "o": 2,
            "tag": "1_spectrum"
          },
          "lowerHz": {
            "v": 45,
            "t": "f 0.0 300.0",
            "o": 3,
            "tag": "1_spectrumHz"
          },
          "higherHz": {
            "v": 300,
            "t": "f 300.0 18000.0",
            "o": 4,
            "tag": "1_spectrumHz"
          },
          "hzLinearFactor": {
            "v": 1,
            "t": "f 0.0 1.0",
            "o": 5,
            "tag": "1_spectrumHz"
          },
          "freqShift": {
            "v": 0,
            "t": "f 0.0 1.0",
            "o": 6,
            "tag": "1_spectrumHz"
          },
          "mirrorSamples": {
            "v": 0,
            "t": "b",
            "o": 7,
            "tag": "1_spectrum"
          },
          "repeatSamples": {
            "v": 1,
            "t": "i 1 6",
            "o": 8,
            "tag": "1_spectrum"
          },
          "starAndEndGap": {
            "v": 0,
            "t": "i 0 30",
            "o": 9,
            "tag": "1_spectrum"
          },
          "smooth": {
            "v": 1,
            "t": "f 0.1 1.0",
            "o": 10,
            "tag": "1_spectrum"
          },
          "preSmooth": {
            "v": 1,
            "t": "f 0.1 1.0",
            "o": 11,
            "tag": "1_spectrum"
          },
          "filterRadius": {
            "v": 0,
            "t": "i 0 20",
            "o": 12,
            "tag": "1_spectrum"
          },
          "filterStrength": {
            "v": 0.10000000149011612,
            "t": "f 0.1 2.0",
            "o": 13,
            "tag": "1_spectrum"
          },
          "beatSmooth": {
            "v": 1,
            "t": "f 0.1 1.0",
            "o": 14,
            "tag": "beat"
          },
          "beatRangeBarFirst": {
            "v": 0.10000000149011612,
            "t": "f 0.0 1.0",
            "o": 15,
            "tag": "beat"
          },
          "beatRangeBarLast": {
            "v": 0.625,
            "t": "f 0.0 1.0",
            "o": 16,
            "tag": "beat"
          },
          "beatRangeValueLower": {
            "v": 10,
            "t": "f 0.0 50.0",
            "o": 17,
            "tag": "beat"
          },
          "beatRangeValueHigher": {
            "v": 87.5,
            "t": "f 0.0 100.0",
            "o": 18,
            "tag": "beat"
          },
          "aWeight": {
            "v": 0.925000011920929,
            "t": "f 0.0 1.0",
            "o": 19,
            "tag": "1_spectrum"
          }
        },
        {
          "v": "Image",
          "objType": "Image",
          "ver": "10",
          "_id": {
            "v": 14,
            "t": "ih",
            "o": 0,
            "tag": ""
          },
          "visible": {
            "v": 1,
            "t": "b",
            "o": 1,
            "tag": "0_general"
          },
          "blendMode": {
            "v": "Screen",
            "t": "_child Alpha PreMulAlpha Screen Add AddAlpha",
            "o": 2,
            "tag": "0_general"
          },
          "position": {
            "v": "0.500000 0.500000",
            "t": "f2 -1.0 1.0",
            "o": 3,
            "tag": "0_general"
          },
          "anchorX": {
            "v": "unset",
            "t": "sel unset start center end",
            "o": 4,
            "tag": "0_general"
          },
          "anchorY": {
            "v": "unset",
            "t": "sel unset start center end",
            "o": 5,
            "tag": "0_general"
          },
          "MeasurePos": {
            "v": "",
            "t": "_child",
            "o": 6,
            "tag": "0_general",
            "measureWhat": {
              "v": "BeatCamShakeMore",
              "t": "_child Nothing BeatCamShakeMore BeatCamShakeLess BeatRandomShake ConstantShakeMore ConstantShake TrackPosition",
              "o": 0,
              "tag": "misc"
            },
            "A": {
              "v": 0.5,
              "t": "f 0.0 2.0",
              "o": 1,
              "tag": "misc",
              "hint": "Amount"
            },
            "B": {
              "v": 0.5,
              "t": "f 0.0 2.0",
              "o": 2,
              "tag": "misc",
              "hint": "Speed"
            }
          },
          "alignmentPosition": {
            "v": "0.500000 0.500000",
            "t": "f2 0.0 1.0",
            "o": 7,
            "tag": "0_general"
          },
          "scaleIsUniform": {
            "v": 0,
            "t": "b",
            "o": 8,
            "tag": "0_general"
          },
          "scale": {
            "v": "1.250000 1.250000",
            "t": "f2 0.0 2.0",
            "o": 9,
            "tag": "0_general"
          },
          "measureScale": {
            "v": "",
            "t": "_child",
            "o": 10,
            "tag": "0_general",
            "measureWhat": {
              "v": "Nothing",
              "t": "_child Nothing Beat TotalTime TotalTimeBackward TotalTimeWhenPlaying TotalTimeAndBeat TrackPosition BeatRandomShake BeatCamShakeRotMore BeatCamShakeRotLess ConstantShakeRotMore ConstantShakeRotLess",
              "o": 0,
              "tag": "misc"
            }
          },
          "rotation": {
            "v": 0,
            "t": "f 0.0 300.0",
            "o": 11,
            "tag": "0_general"
          },
          "measureRot": {
            "v": "",
            "t": "_child",
            "o": 12,
            "tag": "0_general",
            "measureWhat": {
              "v": "Nothing",
              "t": "_child Nothing Beat TotalTime TotalTimeBackward TotalTimeWhenPlaying TotalTimeAndBeat TrackPosition BeatRandomShake BeatCamShakeRotMore BeatCamShakeRotLess ConstantShakeRotMore ConstantShakeRotLess",
              "o": 0,
              "tag": "misc"
            }
          },
          "customImage": {
            "v": "content:\/\/com.android.providers.media.documents\/document\/image%3A6826",
            "t": "img internalres:white internalres:black internalres:particle_circle_blur4 internalres:vignette80 internalres:rainbow128 internalres:particle_blur01_more internalres:lens_flare internalres:lens_flare_2 composition:0",
            "o": 13,
            "tag": "1_image"
          },
          "measureAnimationSpeed": {
            "v": "",
            "t": "_child",
            "o": 14,
            "tag": "1_image",
            "measureWhat": {
              "v": "Nothing",
              "t": "_child Nothing Beat TotalTime TotalTimeBackward TotalTimeWhenPlaying TotalTimeAndBeat TrackPosition",
              "o": 0,
              "tag": "misc"
            }
          },
          "generatedAlbumArtHint": {
            "v": 0,
            "t": "ih 0 7",
            "o": 15,
            "tag": "generatedAlbumArt"
          },
          "generatedAlbumArtHintShiftHue": {
            "v": 0,
            "t": "b",
            "o": 16,
            "tag": "generatedAlbumArt"
          },
          "generatedAlbumArtHintNoText": {
            "v": 0,
            "t": "b",
            "o": 17,
            "tag": "generatedAlbumArt"
          },
          "generatedAlbumArtHintForceGen": {
            "v": 0,
            "t": "b",
            "o": 18,
            "tag": "generatedAlbumArt"
          },
          "generatedAlbumArtColor": {
            "v": -1,
            "t": "crgba",
            "o": 19,
            "tag": "generatedAlbumArt"
          },
          "keepAspectRatioAndCropToFit": {
            "v": 0,
            "t": "b",
            "o": 20,
            "tag": "1_image"
          },
          "colorKeyEnabled": {
            "v": 0,
            "t": "b",
            "o": 21,
            "tag": "2_ColorKey"
          },
          "autoDetectColorKey": {
            "v": 1,
            "t": "b",
            "o": 22,
            "tag": "2_ColorKey"
          },
          "colorKey": {
            "v": -16711936,
            "t": "crgb_hl",
            "o": 23,
            "tag": "2_ColorKey"
          },
          "transparencyStrength": {
            "v": 1,
            "t": "f 0.0 4.0",
            "o": 24,
            "tag": "2_ColorKey"
          },
          "opacityStrength": {
            "v": 1,
            "t": "f 0.0 4.0",
            "o": 25,
            "tag": "2_ColorKey"
          },
          "keepAspectRatio": {
            "v": 1,
            "t": "b",
            "o": 26,
            "tag": "1_image"
          },
          "blurredBorder": {
            "v": 0,
            "t": "b",
            "o": 27,
            "tag": "1_image"
          },
          "_name": "Image",
          "Color": {
            "v": "1.000000 1.000000 1.000000 1.000000",
            "t": "chsla4f",
            "o": 28,
            "tag": "2_color"
          },
          "ColorTo": {
            "v": "1.000000 1.000000 1.000000 1.000000",
            "t": "chsla4f",
            "o": 29,
            "tag": "2_color"
          },
          "MeasureColorBlend": {
            "v": "",
            "t": "_child",
            "o": 30,
            "tag": "2_color",
            "measureWhat": {
              "v": "Nothing",
              "t": "_child Nothing Beat TotalTime TotalTimeBackward TotalTimeWhenPlaying TotalTimeAndBeat TrackPosition BeatRandomShake BeatCamShakeRotMore BeatCamShakeRotLess ConstantShakeRotMore ConstantShakeRotLess",
              "o": 0,
              "tag": "misc"
            }
          },
          "blurEnabled": {
            "v": 0,
            "t": "b",
            "o": 31,
            "tag": "blur"
          },
          "blurDivider": {
            "v": 5,
            "t": "i 0 10",
            "o": 32,
            "tag": "blur"
          },
          "blurRadius": {
            "v": 7,
            "t": "i 1 25",
            "o": 33,
            "tag": "blur"
          },
          "Shape": {
            "v": "None",
            "t": "_child None Circle SidedPolygon Letter",
            "o": 34,
            "tag": "1_image"
          },
          "MaskImage": {
            "v": "",
            "t": "img internalres:transparent internalres:white internalres:black internalres:particle_circle_blur4 internalres:particle_blur01 internalres:particle_blur_inv internalres:vignette80 composition:0",
            "o": 35,
            "tag": "1_image"
          },
          "maskMode": {
            "v": "Transparency",
            "t": "sel Transparency TransparencyAndBlacks TransparencyAndWhites InvertedTransparency",
            "o": 36,
            "tag": "1_image"
          }
        },
        {
          "v": "Image",
          "objType": "Image",
          "ver": "10",
          "_id": {
            "v": 15,
            "t": "ih",
            "o": 0,
            "tag": ""
          },
          "visible": {
            "v": 1,
            "t": "b",
            "o": 1,
            "tag": "0_general"
          },
          "blendMode": {
            "v": "PreMulAlpha",
            "t": "_child Alpha PreMulAlpha Screen Add AddAlpha",
            "o": 2,
            "tag": "0_general"
          },
          "position": {
            "v": "0.500000 0.500000",
            "t": "f2 -1.0 1.0",
            "o": 3,
            "tag": "0_general"
          },
          "anchorX": {
            "v": "unset",
            "t": "sel unset start center end",
            "o": 4,
            "tag": "0_general"
          },
          "anchorY": {
            "v": "unset",
            "t": "sel unset start center end",
            "o": 5,
            "tag": "0_general"
          },
          "MeasurePos": {
            "v": "",
            "t": "_child",
            "o": 6,
            "tag": "0_general",
            "measureWhat": {
              "v": "Nothing",
              "t": "_child Nothing BeatCamShakeMore BeatCamShakeLess BeatRandomShake ConstantShakeMore ConstantShake TrackPosition",
              "o": 0,
              "tag": "misc"
            }
          },
          "alignmentPosition": {
            "v": "0.500000 0.500000",
            "t": "f2 0.0 1.0",
            "o": 7,
            "tag": "0_general"
          },
          "scaleIsUniform": {
            "v": 0,
            "t": "b",
            "o": 8,
            "tag": "0_general"
          },
          "scale": {
            "v": "1.250000 1.250000",
            "t": "f2 0.0 2.0",
            "o": 9,
            "tag": "0_general"
          },
          "measureScale": {
            "v": "",
            "t": "_child",
            "o": 10,
            "tag": "0_general",
            "measureWhat": {
              "v": "Nothing",
              "t": "_child Nothing Beat TotalTime TotalTimeBackward TotalTimeWhenPlaying TotalTimeAndBeat TrackPosition BeatRandomShake BeatCamShakeRotMore BeatCamShakeRotLess ConstantShakeRotMore ConstantShakeRotLess",
              "o": 0,
              "tag": "misc"
            }
          },
          "rotation": {
            "v": 0,
            "t": "f 0.0 300.0",
            "o": 11,
            "tag": "0_general"
          },
          "measureRot": {
            "v": "",
            "t": "_child",
            "o": 12,
            "tag": "0_general",
            "measureWhat": {
              "v": "Nothing",
              "t": "_child Nothing Beat TotalTime TotalTimeBackward TotalTimeWhenPlaying TotalTimeAndBeat TrackPosition BeatRandomShake BeatCamShakeRotMore BeatCamShakeRotLess ConstantShakeRotMore ConstantShakeRotLess",
              "o": 0,
              "tag": "misc"
            }
          },
          "customImage": {
            "v": "content:\/\/com.android.providers.media.documents\/document\/image%3A6826",
            "t": "img internalres:white internalres:black internalres:particle_circle_blur4 internalres:vignette80 internalres:rainbow128 internalres:particle_blur01_more internalres:lens_flare internalres:lens_flare_2 composition:0",
            "o": 13,
            "tag": "1_image"
          },
          "measureAnimationSpeed": {
            "v": "",
            "t": "_child",
            "o": 14,
            "tag": "1_image",
            "measureWhat": {
              "v": "Nothing",
              "t": "_child Nothing Beat TotalTime TotalTimeBackward TotalTimeWhenPlaying TotalTimeAndBeat TrackPosition",
              "o": 0,
              "tag": "misc"
            }
          },
          "generatedAlbumArtHint": {
            "v": 0,
            "t": "ih 0 7",
            "o": 15,
            "tag": "generatedAlbumArt"
          },
          "generatedAlbumArtHintShiftHue": {
            "v": 0,
            "t": "b",
            "o": 16,
            "tag": "generatedAlbumArt"
          },
          "generatedAlbumArtHintNoText": {
            "v": 0,
            "t": "b",
            "o": 17,
            "tag": "generatedAlbumArt"
          },
          "generatedAlbumArtHintForceGen": {
            "v": 0,
            "t": "b",
            "o": 18,
            "tag": "generatedAlbumArt"
          },
          "generatedAlbumArtColor": {
            "v": -1,
            "t": "crgba",
            "o": 19,
            "tag": "generatedAlbumArt"
          },
          "keepAspectRatioAndCropToFit": {
            "v": 0,
            "t": "b",
            "o": 20,
            "tag": "1_image"
          },
          "colorKeyEnabled": {
            "v": 0,
            "t": "b",
            "o": 21,
            "tag": "2_ColorKey"
          },
          "autoDetectColorKey": {
            "v": 1,
            "t": "b",
            "o": 22,
            "tag": "2_ColorKey"
          },
          "colorKey": {
            "v": -16711936,
            "t": "crgb_hl",
            "o": 23,
            "tag": "2_ColorKey"
          },
          "transparencyStrength": {
            "v": 1,
            "t": "f 0.0 4.0",
            "o": 24,
            "tag": "2_ColorKey"
          },
          "opacityStrength": {
            "v": 1,
            "t": "f 0.0 4.0",
            "o": 25,
            "tag": "2_ColorKey"
          },
          "keepAspectRatio": {
            "v": 1,
            "t": "b",
            "o": 26,
            "tag": "1_image"
          },
          "blurredBorder": {
            "v": 0,
            "t": "b",
            "o": 27,
            "tag": "1_image"
          },
          "_name": "Image",
          "Color": {
            "v": "0.000000 0.000000 0.549020 1.000000",
            "t": "chsla4f",
            "o": 28,
            "tag": "2_color"
          },
          "ColorTo": {
            "v": "0.000000 0.000000 1.000000 0.000000",
            "t": "chsla4f",
            "o": 29,
            "tag": "2_color"
          },
          "MeasureColorBlend": {
            "v": "",
            "t": "_child",
            "o": 30,
            "tag": "2_color",
            "measureWhat": {
              "v": "Beat",
              "t": "_child Nothing Beat TotalTime TotalTimeBackward TotalTimeWhenPlaying TotalTimeAndBeat TrackPosition BeatRandomShake BeatCamShakeRotMore BeatCamShakeRotLess ConstantShakeRotMore ConstantShakeRotLess",
              "o": 0,
              "tag": "misc"
            },
            "A": {
              "v": 0.4749999940395355,
              "t": "f 0.0 1.0",
              "o": 1,
              "tag": "misc",
              "hint": "X Amount"
            },
            "B": {
              "v": 0.20000000298023224,
              "t": "f 0.0 1.0",
              "o": 2,
              "tag": "misc",
              "hint": "Y Amount"
            }
          },
          "blurEnabled": {
            "v": 0,
            "t": "b",
            "o": 31,
            "tag": "blur"
          },
          "blurDivider": {
            "v": 5,
            "t": "i 0 10",
            "o": 32,
            "tag": "blur"
          },
          "blurRadius": {
            "v": 7,
            "t": "i 1 25",
            "o": 33,
            "tag": "blur"
          },
          "Shape": {
            "v": "None",
            "t": "_child None Circle SidedPolygon Letter",
            "o": 34,
            "tag": "1_image"
          },
          "MaskImage": {
            "v": "",
            "t": "img internalres:transparent internalres:white internalres:black internalres:particle_circle_blur4 internalres:particle_blur01 internalres:particle_blur_inv internalres:vignette80 composition:0",
            "o": 35,
            "tag": "1_image"
          },
          "maskMode": {
            "v": "Transparency",
            "t": "sel Transparency TransparencyAndBlacks TransparencyAndWhites InvertedTransparency",
            "o": 36,
            "tag": "1_image"
          }
        },
        {
          "v": "Particles",
          "objType": "Particles",
          "ver": "10",
          "_id": {
            "v": 21,
            "t": "ih",
            "o": 0,
            "tag": ""
          },
          "visible": {
            "v": 1,
            "t": "b",
            "o": 1,
            "tag": "0_general"
          },
          "blendMode": {
            "v": "Add",
            "t": "_child Alpha PreMulAlpha Screen Add AddAlpha",
            "o": 2,
            "tag": "0_general"
          },
          "position": {
            "v": "0.500000 0.500000",
            "t": "f2 -1.0 1.0",
            "o": 3,
            "tag": "0_general"
          },
          "anchorX": {
            "v": "unset",
            "t": "sel unset start center end",
            "o": 4,
            "tag": "0_general"
          },
          "anchorY": {
            "v": "unset",
            "t": "sel unset start center end",
            "o": 5,
            "tag": "0_general"
          },
          "MeasurePos": {
            "v": "",
            "t": "_child",
            "o": 6,
            "tag": "0_general",
            "measureWhat": {
              "v": "Nothing",
              "t": "_child Nothing BeatCamShakeMore BeatCamShakeLess BeatRandomShake ConstantShakeMore ConstantShake TrackPosition",
              "o": 0,
              "tag": "misc"
            }
          },
          "alignmentPosition": {
            "v": "0.500000 0.500000",
            "t": "f2 0.0 1.0",
            "o": 7,
            "tag": "0_general"
          },
          "scaleIsUniform": {
            "v": 0,
            "t": "b",
            "o": 8,
            "tag": "0_general"
          },
          "scale": {
            "v": "2.000000 2.000000",
            "t": "f2 0.0 2.0",
            "o": 9,
            "tag": "0_general"
          },
          "measureScale": {
            "v": "",
            "t": "_child",
            "o": 10,
            "tag": "0_general",
            "measureWhat": {
              "v": "Nothing",
              "t": "_child Nothing Beat TotalTime TotalTimeBackward TotalTimeWhenPlaying TotalTimeAndBeat TrackPosition BeatRandomShake BeatCamShakeRotMore BeatCamShakeRotLess ConstantShakeRotMore ConstantShakeRotLess",
              "o": 0,
              "tag": "misc"
            }
          },
          "_name": "Particles",
          "customImage": {
            "v": "internalres:particle_circle_blur4",
            "t": "pimg internalres:particle_blur01 internalres:particle_circle_blur4 internalres:particle_circle_w_a_64 internalres:particle_sharp composition:0",
            "o": 11,
            "tag": "appearance"
          },
          "color": {
            "v": -1,
            "t": "crgba",
            "o": 12,
            "tag": "1_overall"
          },
          "CountLimit": {
            "v": 1500,
            "t": "i 1 5000",
            "o": 13,
            "tag": "1_overall"
          },
          "particleScale": {
            "v": 1.218999981880188,
            "t": "f 0.25 8.0",
            "o": 14,
            "tag": "appearance"
          },
          "spawnTime": {
            "v": 0.019999999552965164,
            "t": "f 0.005 0.05",
            "o": 15,
            "tag": "behaviour"
          },
          "mirrorX": {
            "v": 0,
            "t": "b",
            "o": 16,
            "tag": "1_overall"
          },
          "mirrorY": {
            "v": 0,
            "t": "b",
            "o": 17,
            "tag": "1_overall"
          },
          "perspectiveDepth": {
            "v": 0,
            "t": "f 0.0 1000.0",
            "o": 18,
            "tag": "1_overall"
          },
          "perspectiveFov": {
            "v": 150,
            "t": "f 30.0 180.0",
            "o": 19,
            "tag": "1_overall"
          },
          "SpawnArea": {
            "v": "Rectangle",
            "t": "_child HorizontalLine Rectangle",
            "o": 20,
            "tag": "1_overall",
            "vectorRelativeToCenter": {
              "v": 0,
              "t": "b",
              "o": 0,
              "tag": "misc"
            },
            "useRandomVectorInstead": {
              "v": 0,
              "t": "b",
              "o": 1,
              "tag": "misc"
            },
            "vectorAngle": {
              "v": 0,
              "t": "f 0.0 360.0",
              "o": 2,
              "tag": "misc"
            },
            "vectorAngleZ": {
              "v": 1,
              "t": "f -1.0 1.0",
              "o": 3,
              "tag": "misc"
            }
          },
          "MeasureOverallSpeed": {
            "v": "",
            "t": "_child",
            "o": 21,
            "tag": "behaviour",
            "measureWhat": {
              "v": "Beat",
              "t": "_child Nothing Beat TotalTime TotalTimeBackward TotalTimeWhenPlaying TotalTimeAndBeat TrackPosition BeatRandomShake BeatCamShakeRotMore BeatCamShakeRotLess ConstantShakeRotMore ConstantShakeRotLess",
              "o": 0,
              "tag": "misc"
            },
            "A": {
              "v": 1.5,
              "t": "f 0.0 2.0",
              "o": 1,
              "tag": "misc",
              "hint": "X Amount"
            },
            "B": {
              "v": 1.5,
              "t": "f 0.0 2.0",
              "o": 2,
              "tag": "misc",
              "hint": "Y Amount"
            }
          },
          "Factory": {
            "v": "",
            "t": "_child",
            "o": 22,
            "tag": "1_overall"
          },
          "Speed": {
            "v": 100,
            "t": "f -300.0 300.0",
            "o": 23,
            "tag": "behaviour"
          },
          "speedRandom": {
            "v": 60,
            "t": "f -300.0 300.0",
            "o": 24,
            "tag": "behaviour"
          },
          "trailLength": {
            "v": 0,
            "t": "f 0.0 1.0",
            "o": 25,
            "tag": "appearance"
          },
          "ColorFrom": {
            "v": "0.000000 0.000000 1.000000 1.000000",
            "t": "chsla4f",
            "o": 26,
            "tag": "appearance"
          },
          "ColorTo": {
            "v": "0.000000 0.000000 0.501961 0.501961",
            "t": "chsla4f",
            "o": 27,
            "tag": "appearance"
          },
          "lifetime": {
            "v": 8,
            "t": "f 0.1 10.0",
            "o": 28,
            "tag": "behaviour"
          },
          "fadeInAndOutTime": {
            "v": 0.10000000149011612,
            "t": "f 0.0 0.5",
            "o": 29,
            "tag": "appearance"
          },
          "gravity": {
            "v": "0.000000 0.000000",
            "t": "f2 -300.0 300.0",
            "o": 30,
            "tag": "behaviour"
          },
          "velocityAngle": {
            "v": 1,
            "t": "b",
            "o": 31,
            "tag": "appearance"
          },
          "sizeAspectRatio": {
            "v": 1,
            "t": "f 0.1 10.0",
            "o": 32,
            "tag": "appearance"
          },
          "startSize": {
            "v": 0,
            "t": "f 0.0 20.0",
            "o": 33,
            "tag": "appearance"
          },
          "fadeInSize": {
            "v": 4,
            "t": "f 0.0 20.0",
            "o": 34,
            "tag": "appearance"
          },
          "endSize": {
            "v": 4,
            "t": "f 0.0 20.0",
            "o": 35,
            "tag": "appearance"
          },
          "endSizeRandom": {
            "v": 10,
            "t": "f 0.0 20.0",
            "o": 36,
            "tag": "appearance"
          },
          "endSizeZFactor": {
            "v": 0,
            "t": "f 0.0 40.0",
            "o": 37,
            "tag": "appearance"
          },
          "sideSineWaveFreq": {
            "v": 0.5,
            "t": "f 0.0 10.0",
            "o": 38,
            "tag": "waveBehaviour"
          },
          "sideSineWaveFreqRandom": {
            "v": 0,
            "t": "f -10.0 10.0",
            "o": 39,
            "tag": "waveBehaviour"
          },
          "sideSineWaveMag": {
            "v": 0.25,
            "t": "f 0.0 10.0",
            "o": 40,
            "tag": "waveBehaviour"
          },
          "sideSineWaveMagRandom": {
            "v": 0,
            "t": "f -10.0 10.0",
            "o": 41,
            "tag": "waveBehaviour"
          },
          "ForceField": {
            "v": "None",
            "t": "_child None Vortex",
            "o": 42,
            "tag": "1_overall"
          },
          "nearCameraFadeOutDistance": {
            "v": 40,
            "t": "f 0.0 500.0",
            "o": 43,
            "tag": "appearance"
          }
        },
        {
          "v": "MotionBlurEffect",
          "objType": "MotionBlurEffect",
          "ver": "10",
          "_id": {
            "v": 22,
            "t": "ih",
            "o": 0,
            "tag": ""
          },
          "visible": {
            "v": 1,
            "t": "b",
            "o": 1,
            "tag": "0_general"
          },
          "blendMode": {
            "v": "PreMulAlpha",
            "t": "_child Alpha PreMulAlpha Screen Add AddAlpha",
            "o": 2,
            "tag": "0_general"
          },
          "position": {
            "v": "0.500000 0.500000",
            "t": "f2 -1.0 1.0",
            "o": 3,
            "tag": "0_general"
          },
          "anchorX": {
            "v": "unset",
            "t": "sel unset start center end",
            "o": 4,
            "tag": "0_general"
          },
          "anchorY": {
            "v": "unset",
            "t": "sel unset start center end",
            "o": 5,
            "tag": "0_general"
          },
          "MeasurePos": {
            "v": "",
            "t": "_child",
            "o": 6,
            "tag": "0_general",
            "measureWhat": {
              "v": "BeatCamShakeMore",
              "t": "_child Nothing BeatCamShakeMore BeatCamShakeLess BeatRandomShake ConstantShakeMore ConstantShake TrackPosition",
              "o": 0,
              "tag": "misc"
            },
            "A": {
              "v": 0.550000011920929,
              "t": "f 0.0 2.0",
              "o": 1,
              "tag": "misc",
              "hint": "Amount"
            },
            "B": {
              "v": 2,
              "t": "f 0.0 2.0",
              "o": 2,
              "tag": "misc",
              "hint": "Speed"
            }
          },
          "alignmentPosition": {
            "v": "0.500000 0.500000",
            "t": "f2 0.0 1.0",
            "o": 7,
            "tag": "0_general"
          },
          "scaleIsUniform": {
            "v": 0,
            "t": "b",
            "o": 8,
            "tag": "0_general"
          },
          "scale": {
            "v": "1.000000 1.000000",
            "t": "f2 0.0 2.0",
            "o": 9,
            "tag": "0_general"
          },
          "measureScale": {
            "v": "",
            "t": "_child",
            "o": 10,
            "tag": "0_general",
            "measureWhat": {
              "v": "Nothing",
              "t": "_child Nothing Beat TotalTime TotalTimeBackward TotalTimeWhenPlaying TotalTimeAndBeat TrackPosition BeatRandomShake BeatCamShakeRotMore BeatCamShakeRotLess ConstantShakeRotMore ConstantShakeRotLess",
              "o": 0,
              "tag": "misc"
            }
          },
          "rotation": {
            "v": 0,
            "t": "f 0.0 300.0",
            "o": 11,
            "tag": "0_general"
          },
          "measureRot": {
            "v": "",
            "t": "_child",
            "o": 12,
            "tag": "0_general",
            "measureWhat": {
              "v": "Nothing",
              "t": "_child Nothing Beat TotalTime TotalTimeBackward TotalTimeWhenPlaying TotalTimeAndBeat TrackPosition BeatRandomShake BeatCamShakeRotMore BeatCamShakeRotLess ConstantShakeRotMore ConstantShakeRotLess",
              "o": 0,
              "tag": "misc"
            }
          },
          "_name": "Motion Blur Effect",
          "blendModeContent": {
            "v": "Add",
            "t": "_child Alpha PreMulAlpha Screen Add AddAlpha",
            "o": 13,
            "tag": "1_appearance"
          },
          "color": {
            "v": -1,
            "t": "crgb",
            "o": 14,
            "tag": "1_appearance"
          },
          "TargetImage": {
            "v": "composition:1",
            "t": "img composition:0",
            "o": 15,
            "tag": "1_appearance"
          },
          "showUnblurredContent": {
            "v": 0,
            "t": "b",
            "o": 16,
            "tag": "1_appearance"
          },
          "showUnblurredContentUnder": {
            "v": 1,
            "t": "b",
            "o": 17,
            "tag": "1_appearance"
          },
          "blurAmountMultiplier": {
            "v": "Constant 0.65000004 1.0",
            "t": "mvarf 0.0 2.0",
            "o": 18,
            "tag": "2_motionBlur"
          },
          "motionSource": {
            "v": "EffectTransform",
            "t": "_child EffectTransform Manual",
            "o": 19,
            "tag": "2_motionBlur"
          },
          "relativeMotionMode": {
            "v": 1,
            "t": "b",
            "o": 20,
            "tag": "2_motionBlur"
          }
        }
      ],
      "v": "Composition",
      "objType": "Composition",
      "ver": "10",
      "_name": "Composition",
      "introBlendMode": {
        "v": "Alpha",
        "t": "sel Alpha AddAlpha",
        "o": 0,
        "tag": "2_introOutro"
      },
      "introFadeDuration": {
        "v": 0,
        "t": "f 0.0 10.0",
        "o": 1,
        "tag": "2_introOutro"
      },
      "outroFadeDuration": {
        "v": 0,
        "t": "f 0.0 10.0",
        "o": 2,
        "tag": "2_introOutro"
      },
      "introFadeColor": {
        "v": -553648128,
        "t": "crgba",
        "o": 3,
        "tag": "2_introOutro"
      }
    },
    {
      "elements": [
        {
          "v": "Bars",
          "objType": "Bars",
          "ver": "10",
          "_id": {
            "v": 18,
            "t": "ih",
            "o": 0,
            "tag": ""
          },
          "visible": {
            "v": 1,
            "t": "b",
            "o": 1,
            "tag": "0_general"
          },
          "blendMode": {
            "v": "PreMulAlpha",
            "t": "_child Alpha PreMulAlpha Screen Add AddAlpha",
            "o": 2,
            "tag": "0_general"
          },
          "position": {
            "v": "0.500000 0.600000",
            "t": "f2 -1.0 1.0",
            "o": 3,
            "tag": "0_general"
          },
          "anchorX": {
            "v": "unset",
            "t": "sel unset start center end",
            "o": 4,
            "tag": "0_general"
          },
          "anchorY": {
            "v": "unset",
            "t": "sel unset start center end",
            "o": 5,
            "tag": "0_general"
          },
          "MeasurePos": {
            "v": "",
            "t": "_child",
            "o": 6,
            "tag": "0_general",
            "measureWhat": {
              "v": "BeatCamShakeMore",
              "t": "_child Nothing BeatCamShakeMore BeatCamShakeLess BeatRandomShake ConstantShakeMore ConstantShake TrackPosition",
              "o": 0,
              "tag": "misc"
            },
            "A": {
              "v": 0.550000011920929,
              "t": "f 0.0 2.0",
              "o": 1,
              "tag": "misc",
              "hint": "Amount"
            },
            "B": {
              "v": 2,
              "t": "f 0.0 2.0",
              "o": 2,
              "tag": "misc",
              "hint": "Speed"
            }
          },
          "alignmentPosition": {
            "v": "0.500000 0.550000",
            "t": "f2 0.0 1.0",
            "o": 7,
            "tag": "0_general"
          },
          "scaleIsUniform": {
            "v": 0,
            "t": "b",
            "o": 8,
            "tag": "0_general"
          },
          "scale": {
            "v": "0.400000 0.400000",
            "t": "f2 0.0 2.0",
            "o": 9,
            "tag": "0_general"
          },
          "measureScale": {
            "v": "",
            "t": "_child",
            "o": 10,
            "tag": "0_general",
            "measureWhat": {
              "v": "Nothing",
              "t": "_child Nothing Beat TotalTime TotalTimeBackward TotalTimeWhenPlaying TotalTimeAndBeat TrackPosition BeatRandomShake BeatCamShakeRotMore BeatCamShakeRotLess ConstantShakeRotMore ConstantShakeRotLess",
              "o": 0,
              "tag": "misc"
            }
          },
          "rotation": {
            "v": 165,
            "t": "f 0.0 300.0",
            "o": 11,
            "tag": "0_general"
          },
          "measureRot": {
            "v": "",
            "t": "_child",
            "o": 12,
            "tag": "0_general",
            "measureWhat": {
              "v": "Nothing",
              "t": "_child Nothing Beat TotalTime TotalTimeBackward TotalTimeWhenPlaying TotalTimeAndBeat TrackPosition BeatRandomShake BeatCamShakeRotMore BeatCamShakeRotLess ConstantShakeRotMore ConstantShakeRotLess",
              "o": 0,
              "tag": "misc"
            }
          },
          "_name": "Bars\/Line",
          "flipInput": {
            "v": 0,
            "t": "b",
            "o": 13,
            "tag": "1_bars"
          },
          "heightScale": {
            "v": 3,
            "t": "f -10.0 10.0",
            "o": 14,
            "tag": "1_bars"
          },
          "minHeightScale": {
            "v": 0.008999999612569809,
            "t": "f -0.03 0.03",
            "o": 15,
            "tag": "1_bars"
          },
          "ShapePath": {
            "v": "HorizontalLine",
            "t": "_child HorizontalLine Circle SidedPolygon Letter",
            "o": 16,
            "tag": "1_bars"
          },
          "colorBlendOffset": {
            "v": "Constant 0.0 0.0",
            "t": "mvarf 0.0 1.0",
            "o": 17,
            "tag": "1_bars"
          },
          "softness": {
            "v": 7,
            "t": "i 0 20",
            "o": 18,
            "tag": "2_Behavior"
          },
          "reactionDelay": {
            "v": 0,
            "t": "i 0 9",
            "o": 19,
            "tag": "2_Behavior"
          },
          "reactionAccumulatedDelay": {
            "v": 0,
            "t": "i 0 9",
            "o": 20,
            "tag": "2_Behavior"
          },
          "audioProviderIndex": {
            "v": 1,
            "t": "i 1 4",
            "o": 21,
            "tag": "2_Behavior"
          },
          "Segment1": {
            "v": "Line",
            "t": "_child None Bars Line SharpBars RoundBars",
            "o": 22,
            "tag": "1_bars",
            "colorFrom": {
              "v": -16777216,
              "t": "crgba",
              "o": 0,
              "tag": "misc"
            },
            "colorTo": {
              "v": -16777216,
              "t": "crgba",
              "o": 1,
              "tag": "misc"
            },
            "fixedHeight": {
              "v": 0,
              "t": "f -50.0 50.0",
              "o": 2,
              "tag": "misc"
            },
            "barHeightMultiplier": {
              "v": 0.5,
              "t": "f -2.0 2.0",
              "o": 3,
              "tag": "misc"
            },
            "mirror": {
              "v": 0,
              "t": "b",
              "o": 4,
              "tag": "b"
            },
            "flipEveryOther": {
              "v": 0,
              "t": "b",
              "o": 5,
              "tag": "b"
            }
          },
          "Segment2": {
            "v": "None",
            "t": "_child None Bars Line SharpBars RoundBars",
            "o": 23,
            "tag": "1_bars"
          }
        },
        {
          "v": "Image",
          "objType": "Image",
          "ver": "10",
          "_id": {
            "v": 19,
            "t": "ih",
            "o": 0,
            "tag": ""
          },
          "visible": {
            "v": 1,
            "t": "b",
            "o": 1,
            "tag": "0_general"
          },
          "blendMode": {
            "v": "PreMulAlpha",
            "t": "_child Alpha PreMulAlpha Screen Add AddAlpha",
            "o": 2,
            "tag": "0_general"
          },
          "position": {
            "v": "0.500000 0.500000",
            "t": "f2 -1.0 1.0",
            "o": 3,
            "tag": "0_general"
          },
          "anchorX": {
            "v": "unset",
            "t": "sel unset start center end",
            "o": 4,
            "tag": "0_general"
          },
          "anchorY": {
            "v": "unset",
            "t": "sel unset start center end",
            "o": 5,
            "tag": "0_general"
          },
          "MeasurePos": {
            "v": "",
            "t": "_child",
            "o": 6,
            "tag": "0_general",
            "measureWhat": {
              "v": "BeatCamShakeMore",
              "t": "_child Nothing BeatCamShakeMore BeatCamShakeLess BeatRandomShake ConstantShakeMore ConstantShake TrackPosition",
              "o": 0,
              "tag": "misc"
            },
            "A": {
              "v": 0.550000011920929,
              "t": "f 0.0 2.0",
              "o": 1,
              "tag": "misc",
              "hint": "Amount"
            },
            "B": {
              "v": 2,
              "t": "f 0.0 2.0",
              "o": 2,
              "tag": "misc",
              "hint": "Speed"
            }
          },
          "alignmentPosition": {
            "v": "0.500000 0.500000",
            "t": "f2 0.0 1.0",
            "o": 7,
            "tag": "0_general"
          },
          "scaleIsUniform": {
            "v": 1,
            "t": "b",
            "o": 8,
            "tag": "0_general"
          },
          "scale": {
            "v": "1.000000 1.000000",
            "t": "f2 0.0 2.0",
            "o": 9,
            "tag": "0_general"
          },
          "measureScale": {
            "v": "",
            "t": "_child",
            "o": 10,
            "tag": "0_general",
            "measureWhat": {
              "v": "Nothing",
              "t": "_child Nothing Beat TotalTime TotalTimeBackward TotalTimeWhenPlaying TotalTimeAndBeat TrackPosition BeatRandomShake BeatCamShakeRotMore BeatCamShakeRotLess ConstantShakeRotMore ConstantShakeRotLess",
              "o": 0,
              "tag": "misc"
            }
          },
          "rotation": {
            "v": 0,
            "t": "f 0.0 300.0",
            "o": 11,
            "tag": "0_general"
          },
          "measureRot": {
            "v": "",
            "t": "_child",
            "o": 12,
            "tag": "0_general",
            "measureWhat": {
              "v": "Nothing",
              "t": "_child Nothing Beat TotalTime TotalTimeBackward TotalTimeWhenPlaying TotalTimeAndBeat TrackPosition BeatRandomShake BeatCamShakeRotMore BeatCamShakeRotLess ConstantShakeRotMore ConstantShakeRotLess",
              "o": 0,
              "tag": "misc"
            }
          },
          "customImage": {
            "v": "content:\/\/com.android.providers.media.documents\/document\/image%3A6827",
            "t": "img internalres:white internalres:black internalres:particle_circle_blur4 internalres:vignette80 internalres:rainbow128 internalres:particle_blur01_more internalres:lens_flare internalres:lens_flare_2 composition:0",
            "o": 13,
            "tag": "1_image"
          },
          "measureAnimationSpeed": {
            "v": "",
            "t": "_child",
            "o": 14,
            "tag": "1_image",
            "measureWhat": {
              "v": "Nothing",
              "t": "_child Nothing Beat TotalTime TotalTimeBackward TotalTimeWhenPlaying TotalTimeAndBeat TrackPosition",
              "o": 0,
              "tag": "misc"
            }
          },
          "generatedAlbumArtHint": {
            "v": 0,
            "t": "ih 0 7",
            "o": 15,
            "tag": "generatedAlbumArt"
          },
          "generatedAlbumArtHintShiftHue": {
            "v": 0,
            "t": "b",
            "o": 16,
            "tag": "generatedAlbumArt"
          },
          "generatedAlbumArtHintNoText": {
            "v": 0,
            "t": "b",
            "o": 17,
            "tag": "generatedAlbumArt"
          },
          "generatedAlbumArtHintForceGen": {
            "v": 0,
            "t": "b",
            "o": 18,
            "tag": "generatedAlbumArt"
          },
          "generatedAlbumArtColor": {
            "v": -1,
            "t": "crgba",
            "o": 19,
            "tag": "generatedAlbumArt"
          },
          "keepAspectRatioAndCropToFit": {
            "v": 0,
            "t": "b",
            "o": 20,
            "tag": "1_image"
          },
          "colorKeyEnabled": {
            "v": 0,
            "t": "b",
            "o": 21,
            "tag": "2_ColorKey"
          },
          "autoDetectColorKey": {
            "v": 1,
            "t": "b",
            "o": 22,
            "tag": "2_ColorKey"
          },
          "colorKey": {
            "v": -16711936,
            "t": "crgb_hl",
            "o": 23,
            "tag": "2_ColorKey"
          },
          "transparencyStrength": {
            "v": 1,
            "t": "f 0.0 4.0",
            "o": 24,
            "tag": "2_ColorKey"
          },
          "opacityStrength": {
            "v": 1,
            "t": "f 0.0 4.0",
            "o": 25,
            "tag": "2_ColorKey"
          },
          "keepAspectRatio": {
            "v": 1,
            "t": "b",
            "o": 26,
            "tag": "1_image"
          },
          "blurredBorder": {
            "v": 0,
            "t": "b",
            "o": 27,
            "tag": "1_image"
          },
          "_name": "Image",
          "Color": {
            "v": "1.000000 1.000000 1.000000 1.000000",
            "t": "chsla4f",
            "o": 28,
            "tag": "2_color"
          },
          "ColorTo": {
            "v": "1.000000 1.000000 1.000000 1.000000",
            "t": "chsla4f",
            "o": 29,
            "tag": "2_color"
          },
          "MeasureColorBlend": {
            "v": "",
            "t": "_child",
            "o": 30,
            "tag": "2_color",
            "measureWhat": {
              "v": "Nothing",
              "t": "_child Nothing Beat TotalTime TotalTimeBackward TotalTimeWhenPlaying TotalTimeAndBeat TrackPosition BeatRandomShake BeatCamShakeRotMore BeatCamShakeRotLess ConstantShakeRotMore ConstantShakeRotLess",
              "o": 0,
              "tag": "misc"
            }
          },
          "blurEnabled": {
            "v": 0,
            "t": "b",
            "o": 31,
            "tag": "blur"
          },
          "blurDivider": {
            "v": 5,
            "t": "i 0 10",
            "o": 32,
            "tag": "blur"
          },
          "blurRadius": {
            "v": 7,
            "t": "i 1 25",
            "o": 33,
            "tag": "blur"
          },
          "Shape": {
            "v": "None",
            "t": "_child None Circle SidedPolygon Letter",
            "o": 34,
            "tag": "1_image"
          },
          "MaskImage": {
            "v": "",
            "t": "img internalres:transparent internalres:white internalres:black internalres:particle_circle_blur4 internalres:particle_blur01 internalres:particle_blur_inv internalres:vignette80 composition:0",
            "o": 35,
            "tag": "1_image"
          },
          "maskMode": {
            "v": "Transparency",
            "t": "sel Transparency TransparencyAndBlacks TransparencyAndWhites InvertedTransparency",
            "o": 36,
            "tag": "1_image"
          }
        }
      ],
      "v": "Composition",
      "objType": "Composition",
      "ver": "10",
      "_name": "Composition",
      "introBlendMode": {
        "v": "Alpha",
        "t": "sel Alpha AddAlpha",
        "o": 0,
        "tag": "2_introOutro"
      },
      "introFadeDuration": {
        "v": 0,
        "t": "f 0.0 10.0",
        "o": 1,
        "tag": "2_introOutro"
      },
      "outroFadeDuration": {
        "v": 0,
        "t": "f 0.0 10.0",
        "o": 2,
        "tag": "2_introOutro"
      },
      "introFadeColor": {
        "v": -553648128,
        "t": "crgba",
        "o": 3,
        "tag": "2_introOutro"
      }
    }
  ],
  "ver": "10",
  "template": 14,
  "objType": "Root"
}