{
  "compositions": [
    {
      "elements": [
        {
          "v": "AudioProvider",
          "objType": "AudioProvider",
          "ver": "10",
          "_name": "Audio Provider",
          "sampleProvider": {
            "v": "Spectrum",
            "t": "_child Waveform Spectrum",
            "o": 0,
            "tag": "0_general"
          },
          "fftSize": {
            "v": 13,
            "t": "i 7 13",
            "o": 1,
            "tag": "Performance"
          },
          "sampleOutCount": {
            "v": 127,
            "t": "i 0 512",
            "o": 2,
            "tag": "1_spectrum"
          },
          "lowerHz": {
            "v": 60,
            "t": "f 0.0 300.0",
            "o": 3,
            "tag": "1_spectrumHz"
          },
          "higherHz": {
            "v": 300,
            "t": "f 300.0 18000.0",
            "o": 4,
            "tag": "1_spectrumHz"
          },
          "hzLinearFactor": {
            "v": 1,
            "t": "f 0.0 1.0",
            "o": 5,
            "tag": "1_spectrumHz"
          },
          "freqShift": {
            "v": 0,
            "t": "f 0.0 1.0",
            "o": 6,
            "tag": "1_spectrumHz"
          },
          "mirrorSamples": {
            "v": 1,
            "t": "b",
            "o": 7,
            "tag": "1_spectrum"
          },
          "repeatSamples": {
            "v": 1,
            "t": "i 1 6",
            "o": 8,
            "tag": "1_spectrum"
          },
          "starAndEndGap": {
            "v": 5,
            "t": "i 0 30",
            "o": 9,
            "tag": "1_spectrum"
          },
          "smooth": {
            "v": 0.800000011920929,
            "t": "f 0.1 1.0",
            "o": 10,
            "tag": "1_spectrum"
          },
          "preSmooth": {
            "v": 1,
            "t": "f 0.1 1.0",
            "o": 11,
            "tag": "1_spectrum"
          },
          "filterRadius": {
            "v": 1,
            "t": "i 0 20",
            "o": 12,
            "tag": "1_spectrum"
          },
          "filterStrength": {
            "v": 0.47999998927116394,
            "t": "f 0.1 2.0",
            "o": 13,
            "tag": "1_spectrum"
          },
          "beatSmooth": {
            "v": 0.5049999952316284,
            "t": "f 0.1 1.0",
            "o": 14,
            "tag": "beat"
          },
          "beatRangeBarFirst": {
            "v": 0,
            "t": "f 0.0 1.0",
            "o": 15,
            "tag": "beat"
          },
          "beatRangeBarLast": {
            "v": 0.30000001192092896,
            "t": "f 0.0 1.0",
            "o": 16,
            "tag": "beat"
          },
          "beatRangeValueLower": {
            "v": 1.25,
            "t": "f 0.0 50.0",
            "o": 17,
            "tag": "beat"
          },
          "beatRangeValueHigher": {
            "v": 35,
            "t": "f 0.0 100.0",
            "o": 18,
            "tag": "beat"
          },
          "aWeight": {
            "v": 0.8500000238418579,
            "t": "f 0.0 1.0",
            "o": 19,
            "tag": "1_spectrum"
          }
        },
        {
          "v": "MotionBlurEffect",
          "objType": "MotionBlurEffect",
          "ver": "10",
          "_id": {
            "v": 511,
            "t": "ih",
            "o": 0,
            "tag": ""
          },
          "visible": {
            "v": 1,
            "t": "b",
            "o": 1,
            "tag": "0_general"
          },
          "blendMode": {
            "v": "PreMulAlpha",
            "t": "_child Alpha PreMulAlpha Screen Add AddAlpha",
            "o": 2,
            "tag": "0_general"
          },
          "position": {
            "v": "0.500000 0.500000",
            "t": "f2 -1.0 1.0",
            "o": 3,
            "tag": "0_general"
          },
          "anchorX": {
            "v": "unset",
            "t": "sel unset start center end",
            "o": 4,
            "tag": "0_general"
          },
          "anchorY": {
            "v": "unset",
            "t": "sel unset start center end",
            "o": 5,
            "tag": "0_general"
          },
          "MeasurePos": {
            "v": "",
            "t": "_child",
            "o": 6,
            "tag": "0_general",
            "measureWhat": {
              "v": "BeatCamShakeMore",
              "t": "_child Nothing BeatCamShakeMore BeatCamShakeLess BeatRandomShake ConstantShakeMore ConstantShake TrackPosition",
              "o": 0,
              "tag": "misc"
            },
            "A": {
              "v": 0.5,
              "t": "f 0.0 2.0",
              "o": 1,
              "tag": "misc",
              "hint": "Amount"
            },
            "B": {
              "v": 0.5,
              "t": "f 0.0 2.0",
              "o": 2,
              "tag": "misc",
              "hint": "Speed"
            }
          },
          "alignmentPosition": {
            "v": "0.500000 0.500000",
            "t": "f2 0.0 1.0",
            "o": 7,
            "tag": "0_general"
          },
          "scaleIsUniform": {
            "v": 0,
            "t": "b",
            "o": 8,
            "tag": "0_general"
          },
          "scale": {
            "v": "1.000000 1.000000",
            "t": "f2 0.0 2.0",
            "o": 9,
            "tag": "0_general"
          },
          "measureScale": {
            "v": "",
            "t": "_child",
            "o": 10,
            "tag": "0_general",
            "measureWhat": {
              "v": "Nothing",
              "t": "_child Nothing Beat TotalTime TotalTimeBackward TotalTimeWhenPlaying TotalTimeAndBeat TrackPosition BeatRandomShake BeatCamShakeRotMore BeatCamShakeRotLess ConstantShakeRotMore ConstantShakeRotLess",
              "o": 0,
              "tag": "misc"
            }
          },
          "rotation": {
            "v": 0,
            "t": "f 0.0 300.0",
            "o": 11,
            "tag": "0_general"
          },
          "measureRot": {
            "v": "",
            "t": "_child",
            "o": 12,
            "tag": "0_general",
            "measureWhat": {
              "v": "Nothing",
              "t": "_child Nothing Beat TotalTime TotalTimeBackward TotalTimeWhenPlaying TotalTimeAndBeat TrackPosition BeatRandomShake BeatCamShakeRotMore BeatCamShakeRotLess ConstantShakeRotMore ConstantShakeRotLess",
              "o": 0,
              "tag": "misc"
            }
          },
          "_name": "Motion Blur Effect",
          "blendModeContent": {
            "v": "Add",
            "t": "_child Alpha PreMulAlpha Screen Add AddAlpha",
            "o": 13,
            "tag": "1_appearance"
          },
          "color": {
            "v": -1,
            "t": "crgb",
            "o": 14,
            "tag": "1_appearance"
          },
          "TargetImage": {
            "v": "composition:2",
            "t": "img composition:0",
            "o": 15,
            "tag": "1_appearance"
          },
          "showUnblurredContent": {
            "v": 0,
            "t": "b",
            "o": 16,
            "tag": "1_appearance"
          },
          "showUnblurredContentUnder": {
            "v": 0,
            "t": "b",
            "o": 17,
            "tag": "1_appearance"
          },
          "blurAmountMultiplier": {
            "v": "Constant 0.5 1.0",
            "t": "mvarf 0.0 2.0",
            "o": 18,
            "tag": "2_motionBlur"
          },
          "motionSource": {
            "v": "EffectTransform",
            "t": "_child EffectTransform Manual",
            "o": 19,
            "tag": "2_motionBlur"
          },
          "relativeMotionMode": {
            "v": 1,
            "t": "b",
            "o": 20,
            "tag": "2_motionBlur"
          }
        },
        {
          "v": "AppLogo",
          "objType": "AppLogo",
          "ver": "10",
          "typeFace": {
            "v": "internal_0",
            "t": "passet internal_0:2130837658 internal_1:2130837659 internal_2:2130837660 internal_3:2130837661",
            "o": 0,
            "tag": "appearance"
          },
          "_name": "AppLogo",
          "visible": {
            "v": 0,
            "t": "pb",
            "o": 1,
            "tag": "0_general",
            "hint": "AppLogo"
          },
          "color": {
            "v": -1,
            "t": "crgba",
            "o": 2,
            "tag": "0_general"
          }
        }
      ],
      "v": "Composition",
      "objType": "Composition",
      "ver": "10",
      "_name": "Composition",
      "introBlendMode": {
        "v": "Alpha",
        "t": "sel Alpha AddAlpha",
        "o": 0,
        "tag": "2_introOutro"
      },
      "introFadeDuration": {
        "v": 0,
        "t": "f 0.0 10.0",
        "o": 1,
        "tag": "2_introOutro"
      },
      "outroFadeDuration": {
        "v": 0,
        "t": "f 0.0 10.0",
        "o": 2,
        "tag": "2_introOutro"
      },
      "introFadeColor": {
        "v": -553648128,
        "t": "crgba",
        "o": 3,
        "tag": "2_introOutro"
      }
    },
    {
      "elements": [
        {
          "v": "Image",
          "objType": "Image",
          "ver": "10",
          "_id": {
            "v": 514,
            "t": "ih",
            "o": 0,
            "tag": ""
          },
          "visible": {
            "v": 0,
            "t": "b",
            "o": 1,
            "tag": "0_general"
          },
          "blendMode": {
            "v": "PreMulAlpha",
            "t": "_child Alpha PreMulAlpha Screen Add AddAlpha",
            "o": 2,
            "tag": "0_general"
          },
          "position": {
            "v": "0.500000 0.500000",
            "t": "f2 -1.0 1.0",
            "o": 3,
            "tag": "0_general"
          },
          "anchorX": {
            "v": "unset",
            "t": "sel unset start center end",
            "o": 4,
            "tag": "0_general"
          },
          "anchorY": {
            "v": "unset",
            "t": "sel unset start center end",
            "o": 5,
            "tag": "0_general"
          },
          "MeasurePos": {
            "v": "",
            "t": "_child",
            "o": 6,
            "tag": "0_general",
            "measureWhat": {
              "v": "Nothing",
              "t": "_child Nothing BeatCamShakeMore BeatCamShakeLess BeatRandomShake ConstantShakeMore ConstantShake TrackPosition",
              "o": 0,
              "tag": "misc"
            }
          },
          "alignmentPosition": {
            "v": "0.500000 0.500000",
            "t": "f2 0.0 1.0",
            "o": 7,
            "tag": "0_general"
          },
          "scaleIsUniform": {
            "v": 0,
            "t": "b",
            "o": 8,
            "tag": "0_general"
          },
          "scale": {
            "v": "1.100000 1.100000",
            "t": "f2 0.0 2.0",
            "o": 9,
            "tag": "0_general"
          },
          "measureScale": {
            "v": "",
            "t": "_child",
            "o": 10,
            "tag": "0_general",
            "measureWhat": {
              "v": "Nothing",
              "t": "_child Nothing Beat TotalTime TotalTimeBackward TotalTimeWhenPlaying TotalTimeAndBeat TrackPosition BeatRandomShake BeatCamShakeRotMore BeatCamShakeRotLess ConstantShakeRotMore ConstantShakeRotLess",
              "o": 0,
              "tag": "misc"
            }
          },
          "rotation": {
            "v": 0,
            "t": "f 0.0 300.0",
            "o": 11,
            "tag": "0_general"
          },
          "measureRot": {
            "v": "",
            "t": "_child",
            "o": 12,
            "tag": "0_general",
            "measureWhat": {
              "v": "Nothing",
              "t": "_child Nothing Beat TotalTime TotalTimeBackward TotalTimeWhenPlaying TotalTimeAndBeat TrackPosition BeatRandomShake BeatCamShakeRotMore BeatCamShakeRotLess ConstantShakeRotMore ConstantShakeRotLess",
              "o": 0,
              "tag": "misc"
            }
          },
          "customImage": {
            "v": "content:\/\/com.android.externalstorage.documents\/document\/primary%3ADownload%2Funnamed.gif",
            "t": "img internalres:white internalres:black internalres:particle_circle_blur4 internalres:vignette80 internalres:rainbow128 internalres:particle_blur01_more internalres:lens_flare internalres:lens_flare_2 composition:0",
            "o": 13,
            "tag": "1_image"
          },
          "measureAnimationSpeed": {
            "v": "",
            "t": "_child",
            "o": 14,
            "tag": "1_image",
            "measureWhat": {
              "v": "TotalTimeWhenPlaying",
              "t": "_child Nothing Beat TotalTime TotalTimeBackward TotalTimeWhenPlaying TotalTimeAndBeat TrackPosition",
              "o": 0,
              "tag": "misc"
            },
            "A": {
              "v": 0.20000000298023224,
              "t": "f 0.0 2.0",
              "o": 1,
              "tag": "misc",
              "hint": "X Speed"
            },
            "B": {
              "v": 0.20000000298023224,
              "t": "f 0.0 2.0",
              "o": 2,
              "tag": "misc",
              "hint": "Y Speed"
            }
          },
          "generatedAlbumArtHint": {
            "v": 0,
            "t": "ih 0 7",
            "o": 15,
            "tag": "generatedAlbumArt"
          },
          "generatedAlbumArtHintShiftHue": {
            "v": 0,
            "t": "b",
            "o": 16,
            "tag": "generatedAlbumArt"
          },
          "generatedAlbumArtHintNoText": {
            "v": 0,
            "t": "b",
            "o": 17,
            "tag": "generatedAlbumArt"
          },
          "generatedAlbumArtHintForceGen": {
            "v": 0,
            "t": "b",
            "o": 18,
            "tag": "generatedAlbumArt"
          },
          "generatedAlbumArtColor": {
            "v": -1,
            "t": "crgba",
            "o": 19,
            "tag": "generatedAlbumArt"
          },
          "keepAspectRatioAndCropToFit": {
            "v": 0,
            "t": "b",
            "o": 20,
            "tag": "1_image"
          },
          "colorKeyEnabled": {
            "v": 0,
            "t": "b",
            "o": 21,
            "tag": "2_ColorKey"
          },
          "autoDetectColorKey": {
            "v": 1,
            "t": "b",
            "o": 22,
            "tag": "2_ColorKey"
          },
          "colorKey": {
            "v": -16711936,
            "t": "crgb_hl",
            "o": 23,
            "tag": "2_ColorKey"
          },
          "transparencyStrength": {
            "v": 1,
            "t": "f 0.0 4.0",
            "o": 24,
            "tag": "2_ColorKey"
          },
          "opacityStrength": {
            "v": 1,
            "t": "f 0.0 4.0",
            "o": 25,
            "tag": "2_ColorKey"
          },
          "keepAspectRatio": {
            "v": 1,
            "t": "b",
            "o": 26,
            "tag": "1_image"
          },
          "blurredBorder": {
            "v": 0,
            "t": "b",
            "o": 27,
            "tag": "1_image"
          },
          "_name": "Image",
          "Color": {
            "v": "0.000000 0.000000 0.486275 1.000000",
            "t": "chsla4f",
            "o": 28,
            "tag": "2_color"
          },
          "ColorTo": {
            "v": "0.275362 1.000000 0.864706 1.000000",
            "t": "chsla4f",
            "o": 29,
            "tag": "2_color"
          },
          "MeasureColorBlend": {
            "v": "",
            "t": "_child",
            "o": 30,
            "tag": "2_color",
            "measureWhat": {
              "v": "Beat",
              "t": "_child Nothing Beat TotalTime TotalTimeBackward TotalTimeWhenPlaying TotalTimeAndBeat TrackPosition BeatRandomShake BeatCamShakeRotMore BeatCamShakeRotLess ConstantShakeRotMore ConstantShakeRotLess",
              "o": 0,
              "tag": "misc"
            },
            "A": {
              "v": 2,
              "t": "f 0.0 1.0",
              "o": 1,
              "tag": "misc",
              "hint": "X Amount"
            },
            "B": {
              "v": 2,
              "t": "f 0.0 1.0",
              "o": 2,
              "tag": "misc",
              "hint": "Y Amount"
            }
          },
          "blurEnabled": {
            "v": 0,
            "t": "b",
            "o": 31,
            "tag": "blur"
          },
          "blurDivider": {
            "v": 7,
            "t": "i 0 10",
            "o": 32,
            "tag": "blur"
          },
          "blurRadius": {
            "v": 7,
            "t": "i 1 25",
            "o": 33,
            "tag": "blur"
          },
          "Shape": {
            "v": "None",
            "t": "_child None Circle SidedPolygon Letter",
            "o": 34,
            "tag": "1_image"
          },
          "MaskImage": {
            "v": "",
            "t": "img internalres:transparent internalres:white internalres:black internalres:particle_circle_blur4 internalres:particle_blur01 internalres:particle_blur_inv internalres:vignette80 composition:0",
            "o": 35,
            "tag": "1_image"
          },
          "maskMode": {
            "v": "Transparency",
            "t": "sel Transparency TransparencyAndBlacks TransparencyAndWhites InvertedTransparency",
            "o": 36,
            "tag": "1_image"
          }
        },
        {
          "v": "Image",
          "objType": "Image",
          "ver": "10",
          "_id": {
            "v": 515,
            "t": "ih",
            "o": 0,
            "tag": ""
          },
          "visible": {
            "v": 1,
            "t": "b",
            "o": 1,
            "tag": "0_general"
          },
          "blendMode": {
            "v": "Screen",
            "t": "_child Alpha PreMulAlpha Screen Add AddAlpha",
            "o": 2,
            "tag": "0_general"
          },
          "position": {
            "v": "0.500000 0.500000",
            "t": "f2 -1.0 1.0",
            "o": 3,
            "tag": "0_general"
          },
          "anchorX": {
            "v": "unset",
            "t": "sel unset start center end",
            "o": 4,
            "tag": "0_general"
          },
          "anchorY": {
            "v": "unset",
            "t": "sel unset start center end",
            "o": 5,
            "tag": "0_general"
          },
          "MeasurePos": {
            "v": "",
            "t": "_child",
            "o": 6,
            "tag": "0_general",
            "measureWhat": {
              "v": "Nothing",
              "t": "_child Nothing BeatCamShakeMore BeatCamShakeLess BeatRandomShake ConstantShakeMore ConstantShake TrackPosition",
              "o": 0,
              "tag": "misc"
            }
          },
          "alignmentPosition": {
            "v": "0.500000 0.500000",
            "t": "f2 0.0 1.0",
            "o": 7,
            "tag": "0_general"
          },
          "scaleIsUniform": {
            "v": 0,
            "t": "b",
            "o": 8,
            "tag": "0_general"
          },
          "scale": {
            "v": "1.100000 1.100000",
            "t": "f2 0.0 2.0",
            "o": 9,
            "tag": "0_general"
          },
          "measureScale": {
            "v": "",
            "t": "_child",
            "o": 10,
            "tag": "0_general",
            "measureWhat": {
              "v": "Nothing",
              "t": "_child Nothing Beat TotalTime TotalTimeBackward TotalTimeWhenPlaying TotalTimeAndBeat TrackPosition BeatRandomShake BeatCamShakeRotMore BeatCamShakeRotLess ConstantShakeRotMore ConstantShakeRotLess",
              "o": 0,
              "tag": "misc"
            }
          },
          "rotation": {
            "v": 0,
            "t": "f 0.0 300.0",
            "o": 11,
            "tag": "0_general"
          },
          "measureRot": {
            "v": "",
            "t": "_child",
            "o": 12,
            "tag": "0_general",
            "measureWhat": {
              "v": "Nothing",
              "t": "_child Nothing Beat TotalTime TotalTimeBackward TotalTimeWhenPlaying TotalTimeAndBeat TrackPosition BeatRandomShake BeatCamShakeRotMore BeatCamShakeRotLess ConstantShakeRotMore ConstantShakeRotLess",
              "o": 0,
              "tag": "misc"
            }
          },
          "customImage": {
            "v": "content:\/\/com.android.externalstorage.documents\/document\/primary%3ADownload%2Ftumblr_n767qc1ZEe1s4fz4bo1_250.gif",
            "t": "img internalres:white internalres:black internalres:particle_circle_blur4 internalres:vignette80 internalres:rainbow128 internalres:particle_blur01_more internalres:lens_flare internalres:lens_flare_2 composition:0",
            "o": 13,
            "tag": "1_image"
          },
          "measureAnimationSpeed": {
            "v": "",
            "t": "_child",
            "o": 14,
            "tag": "1_image",
            "measureWhat": {
              "v": "TotalTime",
              "t": "_child Nothing Beat TotalTime TotalTimeBackward TotalTimeWhenPlaying TotalTimeAndBeat TrackPosition",
              "o": 0,
              "tag": "misc"
            },
            "A": {
              "v": 0.6000000238418579,
              "t": "f 0.0 2.0",
              "o": 1,
              "tag": "misc",
              "hint": "X Speed"
            },
            "B": {
              "v": 0.6000000238418579,
              "t": "f 0.0 2.0",
              "o": 2,
              "tag": "misc",
              "hint": "Y Speed"
            }
          },
          "generatedAlbumArtHint": {
            "v": 0,
            "t": "ih 0 7",
            "o": 15,
            "tag": "generatedAlbumArt"
          },
          "generatedAlbumArtHintShiftHue": {
            "v": 0,
            "t": "b",
            "o": 16,
            "tag": "generatedAlbumArt"
          },
          "generatedAlbumArtHintNoText": {
            "v": 0,
            "t": "b",
            "o": 17,
            "tag": "generatedAlbumArt"
          },
          "generatedAlbumArtHintForceGen": {
            "v": 0,
            "t": "b",
            "o": 18,
            "tag": "generatedAlbumArt"
          },
          "generatedAlbumArtColor": {
            "v": -1,
            "t": "crgba",
            "o": 19,
            "tag": "generatedAlbumArt"
          },
          "keepAspectRatioAndCropToFit": {
            "v": 0,
            "t": "b",
            "o": 20,
            "tag": "1_image"
          },
          "colorKeyEnabled": {
            "v": 0,
            "t": "b",
            "o": 21,
            "tag": "2_ColorKey"
          },
          "autoDetectColorKey": {
            "v": 1,
            "t": "b",
            "o": 22,
            "tag": "2_ColorKey"
          },
          "colorKey": {
            "v": -16711936,
            "t": "crgb_hl",
            "o": 23,
            "tag": "2_ColorKey"
          },
          "transparencyStrength": {
            "v": 1,
            "t": "f 0.0 4.0",
            "o": 24,
            "tag": "2_ColorKey"
          },
          "opacityStrength": {
            "v": 1,
            "t": "f 0.0 4.0",
            "o": 25,
            "tag": "2_ColorKey"
          },
          "keepAspectRatio": {
            "v": 0,
            "t": "b",
            "o": 26,
            "tag": "1_image"
          },
          "blurredBorder": {
            "v": 1,
            "t": "b",
            "o": 27,
            "tag": "1_image"
          },
          "_name": "Image",
          "Color": {
            "v": "0.000000 0.000000 0.000000 0.000000",
            "t": "chsla4f",
            "o": 28,
            "tag": "2_color"
          },
          "ColorTo": {
            "v": "0.000000 0.000000 1.000000 1.000000",
            "t": "chsla4f",
            "o": 29,
            "tag": "2_color"
          },
          "MeasureColorBlend": {
            "v": "",
            "t": "_child",
            "o": 30,
            "tag": "2_color",
            "measureWhat": {
              "v": "Beat",
              "t": "_child Nothing Beat TotalTime TotalTimeBackward TotalTimeWhenPlaying TotalTimeAndBeat TrackPosition BeatRandomShake BeatCamShakeRotMore BeatCamShakeRotLess ConstantShakeRotMore ConstantShakeRotLess",
              "o": 0,
              "tag": "misc"
            },
            "A": {
              "v": 2,
              "t": "f 0.0 1.0",
              "o": 1,
              "tag": "misc",
              "hint": "X Amount"
            },
            "B": {
              "v": 2,
              "t": "f 0.0 1.0",
              "o": 2,
              "tag": "misc",
              "hint": "Y Amount"
            }
          },
          "blurEnabled": {
            "v": 0,
            "t": "b",
            "o": 31,
            "tag": "blur"
          },
          "blurDivider": {
            "v": 7,
            "t": "i 0 10",
            "o": 32,
            "tag": "blur"
          },
          "blurRadius": {
            "v": 7,
            "t": "i 1 25",
            "o": 33,
            "tag": "blur"
          },
          "Shape": {
            "v": "None",
            "t": "_child None Circle SidedPolygon Letter",
            "o": 34,
            "tag": "1_image"
          },
          "MaskImage": {
            "v": "",
            "t": "img internalres:transparent internalres:white internalres:black internalres:particle_circle_blur4 internalres:particle_blur01 internalres:particle_blur_inv internalres:vignette80 composition:0",
            "o": 35,
            "tag": "1_image"
          },
          "maskMode": {
            "v": "Transparency",
            "t": "sel Transparency TransparencyAndBlacks TransparencyAndWhites InvertedTransparency",
            "o": 36,
            "tag": "1_image"
          }
        },
        {
          "v": "Bars",
          "objType": "Bars",
          "ver": "10",
          "_id": {
            "v": 516,
            "t": "ih",
            "o": 0,
            "tag": ""
          },
          "visible": {
            "v": 1,
            "t": "b",
            "o": 1,
            "tag": "0_general"
          },
          "blendMode": {
            "v": "AddAlpha",
            "t": "_child Alpha PreMulAlpha Screen Add AddAlpha",
            "o": 2,
            "tag": "0_general"
          },
          "position": {
            "v": "0.500000 0.500000",
            "t": "f2 -1.0 1.0",
            "o": 3,
            "tag": "0_general"
          },
          "anchorX": {
            "v": "unset",
            "t": "sel unset start center end",
            "o": 4,
            "tag": "0_general"
          },
          "anchorY": {
            "v": "unset",
            "t": "sel unset start center end",
            "o": 5,
            "tag": "0_general"
          },
          "MeasurePos": {
            "v": "",
            "t": "_child",
            "o": 6,
            "tag": "0_general",
            "measureWhat": {
              "v": "Nothing",
              "t": "_child Nothing BeatCamShakeMore BeatCamShakeLess BeatRandomShake ConstantShakeMore ConstantShake TrackPosition",
              "o": 0,
              "tag": "misc"
            }
          },
          "alignmentPosition": {
            "v": "0.500000 0.500000",
            "t": "f2 0.0 1.0",
            "o": 7,
            "tag": "0_general"
          },
          "scaleIsUniform": {
            "v": 0,
            "t": "b",
            "o": 8,
            "tag": "0_general"
          },
          "scale": {
            "v": "0.300000 0.300000",
            "t": "f2 0.0 2.0",
            "o": 9,
            "tag": "0_general"
          },
          "measureScale": {
            "v": "",
            "t": "_child",
            "o": 10,
            "tag": "0_general",
            "measureWhat": {
              "v": "Beat",
              "t": "_child Nothing Beat TotalTime TotalTimeBackward TotalTimeWhenPlaying TotalTimeAndBeat TrackPosition BeatRandomShake BeatCamShakeRotMore BeatCamShakeRotLess ConstantShakeRotMore ConstantShakeRotLess",
              "o": 0,
              "tag": "misc"
            },
            "A": {
              "v": 0.05000000074505806,
              "t": "f -1.0 1.0",
              "o": 1,
              "tag": "misc",
              "hint": "X Amount"
            },
            "B": {
              "v": 0.05000000074505806,
              "t": "f -1.0 1.0",
              "o": 2,
              "tag": "misc",
              "hint": "Y Amount"
            }
          },
          "rotation": {
            "v": 0,
            "t": "f 0.0 300.0",
            "o": 11,
            "tag": "0_general"
          },
          "measureRot": {
            "v": "",
            "t": "_child",
            "o": 12,
            "tag": "0_general",
            "measureWhat": {
              "v": "Nothing",
              "t": "_child Nothing Beat TotalTime TotalTimeBackward TotalTimeWhenPlaying TotalTimeAndBeat TrackPosition BeatRandomShake BeatCamShakeRotMore BeatCamShakeRotLess ConstantShakeRotMore ConstantShakeRotLess",
              "o": 0,
              "tag": "misc"
            }
          },
          "_name": "Bars\/Line",
          "flipInput": {
            "v": 0,
            "t": "b",
            "o": 13,
            "tag": "1_bars"
          },
          "heightScale": {
            "v": 3.5,
            "t": "f -10.0 10.0",
            "o": 14,
            "tag": "1_bars"
          },
          "minHeightScale": {
            "v": 0.010999999940395355,
            "t": "f -0.03 0.03",
            "o": 15,
            "tag": "1_bars"
          },
          "ShapePath": {
            "v": "Circle",
            "t": "_child HorizontalLine Circle SidedPolygon Letter",
            "o": 16,
            "tag": "1_bars",
            "radius": {
              "v": 0.8119999766349792,
              "t": "f 0.5 3.0",
              "o": 0,
              "tag": "misc"
            },
            "gap": {
              "v": 0,
              "t": "f 0.0 0.9",
              "o": 1,
              "tag": "misc"
            }
          },
          "colorBlendOffset": {
            "v": "Constant 0.0 0.0",
            "t": "mvarf 0.0 1.0",
            "o": 17,
            "tag": "1_bars"
          },
          "softness": {
            "v": 6,
            "t": "i 0 20",
            "o": 18,
            "tag": "2_Behavior"
          },
          "reactionDelay": {
            "v": 0,
            "t": "i 0 9",
            "o": 19,
            "tag": "2_Behavior"
          },
          "reactionAccumulatedDelay": {
            "v": 2,
            "t": "i 0 9",
            "o": 20,
            "tag": "2_Behavior"
          },
          "audioProviderIndex": {
            "v": 1,
            "t": "i 1 4",
            "o": 21,
            "tag": "2_Behavior"
          },
          "Segment1": {
            "v": "Bars",
            "t": "_child None Bars Line SharpBars RoundBars",
            "o": 22,
            "tag": "1_bars",
            "colorFrom": {
              "v": -16749569,
              "t": "crgba",
              "o": 0,
              "tag": "misc"
            },
            "colorTo": {
              "v": -16743681,
              "t": "crgba",
              "o": 1,
              "tag": "misc"
            },
            "fixedHeight": {
              "v": 0,
              "t": "f -50.0 50.0",
              "o": 2,
              "tag": "misc"
            },
            "barHeightMultiplier": {
              "v": 1.2000000476837158,
              "t": "f -2.0 2.0",
              "o": 3,
              "tag": "misc"
            },
            "barWidth": {
              "v": 1.5,
              "t": "f 0.0 2.0",
              "o": 4,
              "tag": "misc"
            },
            "barWidthAffectedByShape": {
              "v": 0,
              "t": "b",
              "o": 5,
              "tag": "b"
            },
            "mirror": {
              "v": 0,
              "t": "b",
              "o": 6,
              "tag": "b"
            }
          },
          "Segment2": {
            "v": "None",
            "t": "_child None Bars Line SharpBars RoundBars",
            "o": 23,
            "tag": "1_bars"
          }
        },
        {
          "v": "Bars",
          "objType": "Bars",
          "ver": "10",
          "_id": {
            "v": 517,
            "t": "ih",
            "o": 0,
            "tag": ""
          },
          "visible": {
            "v": 1,
            "t": "b",
            "o": 1,
            "tag": "0_general"
          },
          "blendMode": {
            "v": "Alpha",
            "t": "_child Alpha PreMulAlpha Screen Add AddAlpha",
            "o": 2,
            "tag": "0_general"
          },
          "position": {
            "v": "0.500000 0.500000",
            "t": "f2 -1.0 1.0",
            "o": 3,
            "tag": "0_general"
          },
          "anchorX": {
            "v": "unset",
            "t": "sel unset start center end",
            "o": 4,
            "tag": "0_general"
          },
          "anchorY": {
            "v": "unset",
            "t": "sel unset start center end",
            "o": 5,
            "tag": "0_general"
          },
          "MeasurePos": {
            "v": "",
            "t": "_child",
            "o": 6,
            "tag": "0_general",
            "measureWhat": {
              "v": "Nothing",
              "t": "_child Nothing BeatCamShakeMore BeatCamShakeLess BeatRandomShake ConstantShakeMore ConstantShake TrackPosition",
              "o": 0,
              "tag": "misc"
            }
          },
          "alignmentPosition": {
            "v": "0.500000 0.500000",
            "t": "f2 0.0 1.0",
            "o": 7,
            "tag": "0_general"
          },
          "scaleIsUniform": {
            "v": 0,
            "t": "b",
            "o": 8,
            "tag": "0_general"
          },
          "scale": {
            "v": "0.300000 0.300000",
            "t": "f2 0.0 2.0",
            "o": 9,
            "tag": "0_general"
          },
          "measureScale": {
            "v": "",
            "t": "_child",
            "o": 10,
            "tag": "0_general",
            "measureWhat": {
              "v": "Beat",
              "t": "_child Nothing Beat TotalTime TotalTimeBackward TotalTimeWhenPlaying TotalTimeAndBeat TrackPosition BeatRandomShake BeatCamShakeRotMore BeatCamShakeRotLess ConstantShakeRotMore ConstantShakeRotLess",
              "o": 0,
              "tag": "misc"
            },
            "A": {
              "v": 0.05000000074505806,
              "t": "f -1.0 1.0",
              "o": 1,
              "tag": "misc",
              "hint": "X Amount"
            },
            "B": {
              "v": 0.05000000074505806,
              "t": "f -1.0 1.0",
              "o": 2,
              "tag": "misc",
              "hint": "Y Amount"
            }
          },
          "rotation": {
            "v": 0,
            "t": "f 0.0 300.0",
            "o": 11,
            "tag": "0_general"
          },
          "measureRot": {
            "v": "",
            "t": "_child",
            "o": 12,
            "tag": "0_general",
            "measureWhat": {
              "v": "Nothing",
              "t": "_child Nothing Beat TotalTime TotalTimeBackward TotalTimeWhenPlaying TotalTimeAndBeat TrackPosition BeatRandomShake BeatCamShakeRotMore BeatCamShakeRotLess ConstantShakeRotMore ConstantShakeRotLess",
              "o": 0,
              "tag": "misc"
            }
          },
          "_name": "Bars\/Line",
          "flipInput": {
            "v": 0,
            "t": "b",
            "o": 13,
            "tag": "1_bars"
          },
          "heightScale": {
            "v": 4,
            "t": "f -10.0 10.0",
            "o": 14,
            "tag": "1_bars"
          },
          "minHeightScale": {
            "v": 0.010999999940395355,
            "t": "f -0.03 0.03",
            "o": 15,
            "tag": "1_bars"
          },
          "ShapePath": {
            "v": "Circle",
            "t": "_child HorizontalLine Circle SidedPolygon Letter",
            "o": 16,
            "tag": "1_bars",
            "radius": {
              "v": 0.8119999766349792,
              "t": "f 0.5 3.0",
              "o": 0,
              "tag": "misc"
            },
            "gap": {
              "v": 0,
              "t": "f 0.0 0.9",
              "o": 1,
              "tag": "misc"
            }
          },
          "colorBlendOffset": {
            "v": "Constant 0.0 0.0",
            "t": "mvarf 0.0 1.0",
            "o": 17,
            "tag": "1_bars"
          },
          "softness": {
            "v": 4,
            "t": "i 0 20",
            "o": 18,
            "tag": "2_Behavior"
          },
          "reactionDelay": {
            "v": 0,
            "t": "i 0 9",
            "o": 19,
            "tag": "2_Behavior"
          },
          "reactionAccumulatedDelay": {
            "v": 1,
            "t": "i 0 9",
            "o": 20,
            "tag": "2_Behavior"
          },
          "audioProviderIndex": {
            "v": 1,
            "t": "i 1 4",
            "o": 21,
            "tag": "2_Behavior"
          },
          "Segment1": {
            "v": "Bars",
            "t": "_child None Bars Line SharpBars RoundBars",
            "o": 22,
            "tag": "1_bars",
            "colorFrom": {
              "v": -16777216,
              "t": "crgba",
              "o": 0,
              "tag": "misc"
            },
            "colorTo": {
              "v": -16777216,
              "t": "crgba",
              "o": 1,
              "tag": "misc"
            },
            "fixedHeight": {
              "v": 0,
              "t": "f -50.0 50.0",
              "o": 2,
              "tag": "misc"
            },
            "barHeightMultiplier": {
              "v": 1,
              "t": "f -2.0 2.0",
              "o": 3,
              "tag": "misc"
            },
            "barWidth": {
              "v": 1.5,
              "t": "f 0.0 2.0",
              "o": 4,
              "tag": "misc"
            },
            "barWidthAffectedByShape": {
              "v": 0,
              "t": "b",
              "o": 5,
              "tag": "b"
            },
            "mirror": {
              "v": 0,
              "t": "b",
              "o": 6,
              "tag": "b"
            }
          },
          "Segment2": {
            "v": "None",
            "t": "_child None Bars Line SharpBars RoundBars",
            "o": 23,
            "tag": "1_bars"
          }
        },
        {
          "v": "Image",
          "objType": "Image",
          "ver": "10",
          "_id": {
            "v": 518,
            "t": "ih",
            "o": 0,
            "tag": ""
          },
          "visible": {
            "v": 1,
            "t": "b",
            "o": 1,
            "tag": "0_general"
          },
          "blendMode": {
            "v": "Alpha",
            "t": "_child Alpha PreMulAlpha Screen Add AddAlpha",
            "o": 2,
            "tag": "0_general"
          },
          "position": {
            "v": "0.500000 0.500000",
            "t": "f2 -1.0 1.0",
            "o": 3,
            "tag": "0_general"
          },
          "anchorX": {
            "v": "unset",
            "t": "sel unset start center end",
            "o": 4,
            "tag": "0_general"
          },
          "anchorY": {
            "v": "unset",
            "t": "sel unset start center end",
            "o": 5,
            "tag": "0_general"
          },
          "MeasurePos": {
            "v": "",
            "t": "_child",
            "o": 6,
            "tag": "0_general",
            "measureWhat": {
              "v": "Nothing",
              "t": "_child Nothing BeatCamShakeMore BeatCamShakeLess BeatRandomShake ConstantShakeMore ConstantShake TrackPosition",
              "o": 0,
              "tag": "misc"
            }
          },
          "alignmentPosition": {
            "v": "0.500000 0.500000",
            "t": "f2 0.0 1.0",
            "o": 7,
            "tag": "0_general"
          },
          "scaleIsUniform": {
            "v": 1,
            "t": "b",
            "o": 8,
            "tag": "0_general"
          },
          "scale": {
            "v": "0.400000 0.550000",
            "t": "f2 0.0 2.0",
            "o": 9,
            "tag": "0_general"
          },
          "measureScale": {
            "v": "",
            "t": "_child",
            "o": 10,
            "tag": "0_general",
            "measureWhat": {
              "v": "Nothing",
              "t": "_child Nothing Beat TotalTime TotalTimeBackward TotalTimeWhenPlaying TotalTimeAndBeat TrackPosition BeatRandomShake BeatCamShakeRotMore BeatCamShakeRotLess ConstantShakeRotMore ConstantShakeRotLess",
              "o": 0,
              "tag": "misc"
            }
          },
          "rotation": {
            "v": 0,
            "t": "f 0.0 300.0",
            "o": 11,
            "tag": "0_general"
          },
          "measureRot": {
            "v": "",
            "t": "_child",
            "o": 12,
            "tag": "0_general",
            "measureWhat": {
              "v": "Nothing",
              "t": "_child Nothing Beat TotalTime TotalTimeBackward TotalTimeWhenPlaying TotalTimeAndBeat TrackPosition BeatRandomShake BeatCamShakeRotMore BeatCamShakeRotLess ConstantShakeRotMore ConstantShakeRotLess",
              "o": 0,
              "tag": "misc"
            }
          },
          "customImage": {
            "v": "content:\/\/com.android.externalstorage.documents\/document\/primary%3ADownload%2Flogos%2Funnamed.png",
            "t": "img internalres:white internalres:black internalres:particle_circle_blur4 internalres:vignette80 internalres:rainbow128 internalres:particle_blur01_more internalres:lens_flare internalres:lens_flare_2 composition:0",
            "o": 13,
            "tag": "1_image"
          },
          "measureAnimationSpeed": {
            "v": "",
            "t": "_child",
            "o": 14,
            "tag": "1_image",
            "measureWhat": {
              "v": "Beat",
              "t": "_child Nothing Beat TotalTime TotalTimeBackward TotalTimeWhenPlaying TotalTimeAndBeat TrackPosition",
              "o": 0,
              "tag": "misc"
            },
            "A": {
              "v": 0.5,
              "t": "f 0.0 2.0",
              "o": 1,
              "tag": "misc",
              "hint": "X Amount"
            },
            "B": {
              "v": 0.5,
              "t": "f 0.0 2.0",
              "o": 2,
              "tag": "misc",
              "hint": "Y Amount"
            }
          },
          "generatedAlbumArtHint": {
            "v": 0,
            "t": "ih 0 7",
            "o": 15,
            "tag": "generatedAlbumArt"
          },
          "generatedAlbumArtHintShiftHue": {
            "v": 0,
            "t": "b",
            "o": 16,
            "tag": "generatedAlbumArt"
          },
          "generatedAlbumArtHintNoText": {
            "v": 0,
            "t": "b",
            "o": 17,
            "tag": "generatedAlbumArt"
          },
          "generatedAlbumArtHintForceGen": {
            "v": 0,
            "t": "b",
            "o": 18,
            "tag": "generatedAlbumArt"
          },
          "generatedAlbumArtColor": {
            "v": -1,
            "t": "crgba",
            "o": 19,
            "tag": "generatedAlbumArt"
          },
          "keepAspectRatioAndCropToFit": {
            "v": 0,
            "t": "b",
            "o": 20,
            "tag": "1_image"
          },
          "colorKeyEnabled": {
            "v": 0,
            "t": "b",
            "o": 21,
            "tag": "2_ColorKey"
          },
          "autoDetectColorKey": {
            "v": 1,
            "t": "b",
            "o": 22,
            "tag": "2_ColorKey"
          },
          "colorKey": {
            "v": -16711936,
            "t": "crgb_hl",
            "o": 23,
            "tag": "2_ColorKey"
          },
          "transparencyStrength": {
            "v": 1,
            "t": "f 0.0 4.0",
            "o": 24,
            "tag": "2_ColorKey"
          },
          "opacityStrength": {
            "v": 1,
            "t": "f 0.0 4.0",
            "o": 25,
            "tag": "2_ColorKey"
          },
          "keepAspectRatio": {
            "v": 1,
            "t": "b",
            "o": 26,
            "tag": "1_image"
          },
          "blurredBorder": {
            "v": 0,
            "t": "b",
            "o": 27,
            "tag": "1_image"
          },
          "_name": "Image",
          "Color": {
            "v": "0.000000 0.000000 0.541176 1.000000",
            "t": "chsla4f",
            "o": 28,
            "tag": "2_color"
          },
          "ColorTo": {
            "v": "0.000000 0.000000 0.576471 1.000000",
            "t": "chsla4f",
            "o": 29,
            "tag": "2_color"
          },
          "MeasureColorBlend": {
            "v": "",
            "t": "_child",
            "o": 30,
            "tag": "2_color",
            "measureWhat": {
              "v": "Beat",
              "t": "_child Nothing Beat TotalTime TotalTimeBackward TotalTimeWhenPlaying TotalTimeAndBeat TrackPosition BeatRandomShake BeatCamShakeRotMore BeatCamShakeRotLess ConstantShakeRotMore ConstantShakeRotLess",
              "o": 0,
              "tag": "misc"
            },
            "A": {
              "v": 2,
              "t": "f 0.0 1.0",
              "o": 1,
              "tag": "misc",
              "hint": "X Amount"
            },
            "B": {
              "v": 2,
              "t": "f 0.0 1.0",
              "o": 2,
              "tag": "misc",
              "hint": "Y Amount"
            }
          },
          "blurEnabled": {
            "v": 0,
            "t": "b",
            "o": 31,
            "tag": "blur"
          },
          "blurDivider": {
            "v": 7,
            "t": "i 0 10",
            "o": 32,
            "tag": "blur"
          },
          "blurRadius": {
            "v": 7,
            "t": "i 1 25",
            "o": 33,
            "tag": "blur"
          },
          "Shape": {
            "v": "None",
            "t": "_child None Circle SidedPolygon Letter",
            "o": 34,
            "tag": "1_image"
          },
          "MaskImage": {
            "v": "",
            "t": "img internalres:transparent internalres:white internalres:black internalres:particle_circle_blur4 internalres:particle_blur01 internalres:particle_blur_inv internalres:vignette80 composition:0",
            "o": 35,
            "tag": "1_image"
          },
          "maskMode": {
            "v": "Transparency",
            "t": "sel Transparency TransparencyAndBlacks TransparencyAndWhites InvertedTransparency",
            "o": 36,
            "tag": "1_image"
          }
        }
      ],
      "v": "Composition",
      "objType": "Composition",
      "ver": "10",
      "_name": "Composition",
      "introBlendMode": {
        "v": "Alpha",
        "t": "sel Alpha AddAlpha",
        "o": 0,
        "tag": "2_introOutro"
      },
      "introFadeDuration": {
        "v": 0,
        "t": "f 0.0 10.0",
        "o": 1,
        "tag": "2_introOutro"
      },
      "outroFadeDuration": {
        "v": 0,
        "t": "f 0.0 10.0",
        "o": 2,
        "tag": "2_introOutro"
      },
      "introFadeColor": {
        "v": -553648128,
        "t": "crgba",
        "o": 3,
        "tag": "2_introOutro"
      }
    },
    {
      "elements": [
        {
          "v": "RgbSplitEffect",
          "objType": "RgbSplitEffect",
          "ver": "10",
          "_id": {
            "v": 520,
            "t": "ih",
            "o": 0,
            "tag": ""
          },
          "visible": {
            "v": 1,
            "t": "b",
            "o": 1,
            "tag": "0_general"
          },
          "blendMode": {
            "v": "PreMulAlpha",
            "t": "_child Alpha PreMulAlpha Screen Add AddAlpha",
            "o": 2,
            "tag": "0_general"
          },
          "position": {
            "v": "0.500000 0.500000",
            "t": "f2 -1.0 1.0",
            "o": 3,
            "tag": "0_general"
          },
          "anchorX": {
            "v": "unset",
            "t": "sel unset start center end",
            "o": 4,
            "tag": "0_general"
          },
          "anchorY": {
            "v": "unset",
            "t": "sel unset start center end",
            "o": 5,
            "tag": "0_general"
          },
          "MeasurePos": {
            "v": "",
            "t": "_child",
            "o": 6,
            "tag": "0_general",
            "measureWhat": {
              "v": "Nothing",
              "t": "_child Nothing BeatCamShakeMore BeatCamShakeLess BeatRandomShake ConstantShakeMore ConstantShake TrackPosition",
              "o": 0,
              "tag": "misc"
            }
          },
          "alignmentPosition": {
            "v": "0.500000 0.500000",
            "t": "f2 0.0 1.0",
            "o": 7,
            "tag": "0_general"
          },
          "scaleIsUniform": {
            "v": 0,
            "t": "b",
            "o": 8,
            "tag": "0_general"
          },
          "scale": {
            "v": "1.000000 1.000000",
            "t": "f2 0.0 2.0",
            "o": 9,
            "tag": "0_general"
          },
          "measureScale": {
            "v": "",
            "t": "_child",
            "o": 10,
            "tag": "0_general",
            "measureWhat": {
              "v": "Nothing",
              "t": "_child Nothing Beat TotalTime TotalTimeBackward TotalTimeWhenPlaying TotalTimeAndBeat TrackPosition BeatRandomShake BeatCamShakeRotMore BeatCamShakeRotLess ConstantShakeRotMore ConstantShakeRotLess",
              "o": 0,
              "tag": "misc"
            }
          },
          "rotation": {
            "v": 0,
            "t": "f 0.0 300.0",
            "o": 11,
            "tag": "0_general"
          },
          "measureRot": {
            "v": "",
            "t": "_child",
            "o": 12,
            "tag": "0_general",
            "measureWhat": {
              "v": "Nothing",
              "t": "_child Nothing Beat TotalTime TotalTimeBackward TotalTimeWhenPlaying TotalTimeAndBeat TrackPosition BeatRandomShake BeatCamShakeRotMore BeatCamShakeRotLess ConstantShakeRotMore ConstantShakeRotLess",
              "o": 0,
              "tag": "misc"
            }
          },
          "_name": "Rgb Split",
          "blendModeContent": {
            "v": "Add",
            "t": "_child Alpha PreMulAlpha Screen Add AddAlpha",
            "o": 13,
            "tag": "1_appearance"
          },
          "color": {
            "v": -1,
            "t": "crgb",
            "o": 14,
            "tag": "1_appearance"
          },
          "targetImage": {
            "v": "composition:1",
            "t": "img composition:0",
            "o": 15,
            "tag": "1_appearance"
          },
          "showUnblurredContent": {
            "v": 1,
            "t": "b",
            "o": 16,
            "tag": "1_appearance"
          },
          "showUnblurredContentUnder": {
            "v": 0,
            "t": "b",
            "o": 17,
            "tag": "1_appearance"
          },
          "splitMultiplier": {
            "v": "Constant 0.90000004 6.0",
            "t": "mvarf 0.0 6.0",
            "o": 18,
            "tag": "2_splitEffect"
          },
          "splitAmount": {
            "v": "BeatRandomShake 0.5 0.5",
            "t": "mvarf2 -0.5 0.5",
            "o": 19,
            "tag": "2_splitEffect"
          },
          "splitColor0": {
            "v": -65307,
            "t": "crgb",
            "o": 20,
            "tag": "2_splitEffect"
          },
          "splitColor1": {
            "v": -16777216,
            "t": "crgb",
            "o": 21,
            "tag": "2_splitEffect"
          },
          "splitColor2": {
            "v": -16711692,
            "t": "crgb",
            "o": 22,
            "tag": "2_splitEffect"
          }
        },
        {
          "v": "Text",
          "objType": "Text",
          "ver": "10",
          "_id": {
            "v": 521,
            "t": "ih",
            "o": 0,
            "tag": ""
          },
          "visible": {
            "v": 0,
            "t": "b",
            "o": 1,
            "tag": "0_general"
          },
          "blendMode": {
            "v": "PreMulAlpha",
            "t": "_child Alpha PreMulAlpha Screen Add AddAlpha",
            "o": 2,
            "tag": "0_general"
          },
          "position": {
            "v": "0.500000 1.000000",
            "t": "f2 -1.0 1.0",
            "o": 3,
            "tag": "0_general"
          },
          "anchorX": {
            "v": "unset",
            "t": "sel unset start center end",
            "o": 4,
            "tag": "0_general"
          },
          "anchorY": {
            "v": "unset",
            "t": "sel unset start center end",
            "o": 5,
            "tag": "0_general"
          },
          "MeasurePos": {
            "v": "",
            "t": "_child",
            "o": 6,
            "tag": "0_general",
            "measureWhat": {
              "v": "Nothing",
              "t": "_child Nothing BeatCamShakeMore BeatCamShakeLess BeatRandomShake ConstantShakeMore ConstantShake TrackPosition",
              "o": 0,
              "tag": "misc"
            }
          },
          "alignmentPosition": {
            "v": "0.500000 0.500000",
            "t": "f2 0.0 1.0",
            "o": 7,
            "tag": "0_general"
          },
          "scaleIsUniform": {
            "v": 0,
            "t": "b",
            "o": 8,
            "tag": "0_general"
          },
          "scale": {
            "v": "0.500000 0.500000",
            "t": "f2 0.0 2.0",
            "o": 9,
            "tag": "0_general"
          },
          "measureScale": {
            "v": "",
            "t": "_child",
            "o": 10,
            "tag": "0_general",
            "measureWhat": {
              "v": "Nothing",
              "t": "_child Nothing Beat TotalTime TotalTimeBackward TotalTimeWhenPlaying TotalTimeAndBeat TrackPosition BeatRandomShake BeatCamShakeRotMore BeatCamShakeRotLess ConstantShakeRotMore ConstantShakeRotLess",
              "o": 0,
              "tag": "misc"
            }
          },
          "rotation": {
            "v": 0,
            "t": "f 0.0 300.0",
            "o": 11,
            "tag": "0_general"
          },
          "measureRot": {
            "v": "",
            "t": "_child",
            "o": 12,
            "tag": "0_general",
            "measureWhat": {
              "v": "Nothing",
              "t": "_child Nothing Beat TotalTime TotalTimeBackward TotalTimeWhenPlaying TotalTimeAndBeat TrackPosition BeatRandomShake BeatCamShakeRotMore BeatCamShakeRotLess ConstantShakeRotMore ConstantShakeRotLess",
              "o": 0,
              "tag": "misc"
            }
          },
          "_name": "Text",
          "text": {
            "v": "BY GM BASS ",
            "t": "ptxt",
            "o": 13,
            "tag": "appearance"
          },
          "color": {
            "v": -65444,
            "t": "crgba",
            "o": 14,
            "tag": "appearance"
          },
          "fontSize": {
            "v": 57,
            "t": "i 8 100",
            "o": 15,
            "tag": "appearance"
          },
          "typeFace": {
            "v": "internal_2",
            "t": "passet internal_0:2130837658 internal_1:2130837659 internal_2:2130837660 internal_3:2130837661",
            "o": 16,
            "tag": "appearance"
          }
        }
      ],
      "v": "Composition",
      "objType": "Composition",
      "ver": "10",
      "_name": "Composition",
      "introBlendMode": {
        "v": "Alpha",
        "t": "sel Alpha AddAlpha",
        "o": 0,
        "tag": "2_introOutro"
      },
      "introFadeDuration": {
        "v": 0,
        "t": "f 0.0 10.0",
        "o": 1,
        "tag": "2_introOutro"
      },
      "outroFadeDuration": {
        "v": 0,
        "t": "f 0.0 10.0",
        "o": 2,
        "tag": "2_introOutro"
      },
      "introFadeColor": {
        "v": -553648128,
        "t": "crgba",
        "o": 3,
        "tag": "2_introOutro"
      }
    }
  ],
  "ver": "10",
  "template": 22,
  "objType": "Root"
}