{
  "template": 3,
  "compositions": [
    {
      "v": "Composition",
      "objType": "Composition",
      "introBlendMode": {
        "o": 0,
        "v": "Alpha",
        "tag": "2_introOutro",
        "t": "sel Alpha AddAlpha"
      },
      "_name": "Composition",
      "introFadeDuration": {
        "o": 1,
        "v": 0,
        "tag": "2_introOutro",
        "t": "f 0.0 10.0"
      },
      "ver": "10",
      "introFadeColor": {
        "o": 3,
        "v": -553648128,
        "tag": "2_introOutro",
        "t": "crgba"
      },
      "elements": [
        {
          "beatRangeValueLower": {
            "o": 17,
            "v": 0.699999988079071,
            "tag": "beat",
            "t": "f 0.0 50.0"
          },
          "beatRangeBarLast": {
            "o": 16,
            "v": 0.4749999940395355,
            "tag": "beat",
            "t": "f 0.0 1.0"
          },
          "smooth": {
            "o": 10,
            "v": 1.2999999523162842,
            "tag": "1_spectrum",
            "t": "f 0.1 1.0"
          },
          "starAndEndGap": {
            "o": 9,
            "v": 0,
            "tag": "1_spectrum",
            "t": "i 0 30"
          },
          "_name": "Audio Provider",
          "mirrorSamples": {
            "o": 7,
            "v": 0,
            "tag": "1_spectrum",
            "t": "b"
          },
          "ver": "10",
          "freqShift": {
            "o": 6,
            "v": 0,
            "tag": "1_spectrumHz",
            "t": "f 0.0 1.0"
          },
          "hzLinearFactor": {
            "o": 5,
            "v": 1,
            "tag": "1_spectrumHz",
            "t": "f 0.0 1.0"
          },
          "aWeight": {
            "o": 19,
            "v": 0.875,
            "tag": "1_spectrum",
            "t": "f 0.0 1.0"
          },
          "beatRangeValueHigher": {
            "o": 18,
            "v": 90,
            "tag": "beat",
            "t": "f 0.0 100.0"
          },
          "fftSize": {
            "o": 1,
            "v": 13,
            "tag": "Performance",
            "t": "i 7 13"
          },
          "sampleOutCount": {
            "o": 2,
            "v": 133,
            "tag": "1_spectrum",
            "t": "i 0 512"
          },
          "v": "AudioProvider",
          "beatRangeBarFirst": {
            "o": 15,
            "v": 0.10000000149011612,
            "tag": "beat",
            "t": "f 0.0 1.0"
          },
          "filterStrength": {
            "o": 13,
            "v": 0.3375000059604645,
            "tag": "1_spectrum",
            "t": "f 0.1 2.0"
          },
          "objType": "AudioProvider",
          "sampleProvider": {
            "o": 0,
            "v": "Spectrum",
            "tag": "0_general",
            "t": "_child Waveform Spectrum"
          },
          "lowerHz": {
            "o": 3,
            "v": 45,
            "tag": "1_spectrumHz",
            "t": "f 0.0 300.0"
          },
          "higherHz": {
            "o": 4,
            "v": 300,
            "tag": "1_spectrumHz",
            "t": "f 300.0 18000.0"
          },
          "preSmooth": {
            "o": 11,
            "v": 1,
            "tag": "1_spectrum",
            "t": "f 0.1 1.0"
          },
          "filterRadius": {
            "o": 12,
            "v": 4,
            "tag": "1_spectrum",
            "t": "i 0 20"
          },
          "repeatSamples": {
            "o": 8,
            "v": 2,
            "tag": "1_spectrum",
            "t": "i 1 6"
          },
          "beatSmooth": {
            "o": 14,
            "v": 1,
            "tag": "beat",
            "t": "f 0.1 1.0"
          }
        },
        {
          "generatedAlbumArtHintNoText": {
            "o": 17,
            "v": 0,
            "tag": "generatedAlbumArt",
            "t": "b"
          },
          "position": {
            "o": 3,
            "v": "0.500000 0.500000",
            "tag": "0_general",
            "t": "f2 -1.0 1.0"
          },
          "scale": {
            "o": 9,
            "v": "1.150000 1.150000",
            "tag": "0_general",
            "t": "f2 0.0 2.0"
          },
          "ColorTo": {
            "o": 29,
            "v": "1.000000 1.000000 1.000000 1.000000",
            "tag": "2_color",
            "t": "chsla4f"
          },
          "visible": {
            "o": 1,
            "v": 1,
            "tag": "0_general",
            "t": "b"
          },
          "blendMode": {
            "o": 2,
            "v": "Alpha",
            "tag": "0_general",
            "t": "_child Alpha PreMulAlpha Screen Add AddAlpha"
          },
          "keepAspectRatio": {
            "o": 26,
            "v": 1,
            "tag": "1_image",
            "t": "b"
          },
          "generatedAlbumArtHintForceGen": {
            "o": 18,
            "v": 0,
            "tag": "generatedAlbumArt",
            "t": "b"
          },
          "_name": "Image",
          "generatedAlbumArtHint": {
            "o": 15,
            "v": 0,
            "tag": "generatedAlbumArt",
            "t": "ih 0 7"
          },
          "transparencyStrength": {
            "o": 24,
            "v": 1,
            "tag": "2_ColorKey",
            "t": "f 0.0 4.0"
          },
          "ver": "10",
          "customImage": {
            "o": 13,
            "v": "content:\/\/com.android.providers.media.documents\/document\/image%3A57641",
            "tag": "1_image",
            "t": "img internalres:white internalres:black internalres:particle_circle_blur4 internalres:vignette80 internalres:rainbow128 internalres:particle_blur01_more internalres:lens_flare internalres:lens_flare_2 composition:0"
          },
          "blurEnabled": {
            "o": 31,
            "v": 1,
            "tag": "blur",
            "t": "b"
          },
          "MaskImage": {
            "o": 35,
            "v": "",
            "tag": "1_image",
            "t": "img internalres:transparent internalres:white internalres:black internalres:particle_circle_blur4 internalres:particle_blur01 internalres:particle_blur_inv internalres:vignette80 composition:0"
          },
          "objType": "Image",
          "keepAspectRatioAndCropToFit": {
            "o": 20,
            "v": 0,
            "tag": "1_image",
            "t": "b"
          },
          "measureRot": {
            "measureWhat": {
              "o": 0,
              "v": "Nothing",
              "tag": "misc",
              "t": "_child Nothing Beat TotalTime TotalTimeBackward TotalTimeWhenPlaying TotalTimeAndBeat TrackPosition BeatRandomShake BeatCamShakeRotMore BeatCamShakeRotLess ConstantShakeRotMore ConstantShakeRotLess"
            },
            "o": 12,
            "v": "",
            "t": "_child",
            "tag": "0_general"
          },
          "measureScale": {
            "measureWhat": {
              "o": 0,
              "v": "Nothing",
              "tag": "misc",
              "t": "_child Nothing Beat TotalTime TotalTimeBackward TotalTimeWhenPlaying TotalTimeAndBeat TrackPosition BeatRandomShake BeatCamShakeRotMore BeatCamShakeRotLess ConstantShakeRotMore ConstantShakeRotLess"
            },
            "o": 10,
            "v": "",
            "t": "_child",
            "tag": "0_general"
          },
          "_id": {
            "o": 0,
            "v": 4,
            "tag": "",
            "t": "ih"
          },
          "generatedAlbumArtHintShiftHue": {
            "o": 16,
            "v": 0,
            "tag": "generatedAlbumArt",
            "t": "b"
          },
          "rotation": {
            "o": 11,
            "v": 0,
            "tag": "0_general",
            "t": "f 0.0 300.0"
          },
          "colorKey": {
            "o": 23,
            "v": -16711936,
            "tag": "2_ColorKey",
            "t": "crgb_hl"
          },
          "opacityStrength": {
            "o": 25,
            "v": 1,
            "tag": "2_ColorKey",
            "t": "f 0.0 4.0"
          },
          "autoDetectColorKey": {
            "o": 22,
            "v": 0,
            "tag": "2_ColorKey",
            "t": "b"
          },
          "alignmentPosition": {
            "o": 7,
            "v": "0.500000 0.500000",
            "tag": "0_general",
            "t": "f2 0.0 1.0"
          },
          "maskMode": {
            "o": 36,
            "v": "Transparency",
            "tag": "1_image",
            "t": "sel Transparency TransparencyAndBlacks TransparencyAndWhites InvertedTransparency"
          },
          "colorKeyEnabled": {
            "o": 21,
            "v": 0,
            "tag": "2_ColorKey",
            "t": "b"
          },
          "anchorY": {
            "o": 5,
            "v": "unset",
            "tag": "0_general",
            "t": "sel unset start center end"
          },
          "scaleIsUniform": {
            "o": 8,
            "v": 0,
            "tag": "0_general",
            "t": "b"
          },
          "anchorX": {
            "o": 4,
            "v": "unset",
            "tag": "0_general",
            "t": "sel unset start center end"
          },
          "blurredBorder": {
            "o": 27,
            "v": 1,
            "tag": "1_image",
            "t": "b"
          },
          "Color": {
            "o": 28,
            "v": "1.000000 1.000000 1.000000 1.000000",
            "tag": "2_color",
            "t": "chsla4f"
          },
          "MeasureColorBlend": {
            "measureWhat": {
              "o": 0,
              "v": "Nothing",
              "tag": "misc",
              "t": "_child Nothing Beat TotalTime TotalTimeBackward TotalTimeWhenPlaying TotalTimeAndBeat TrackPosition BeatRandomShake BeatCamShakeRotMore BeatCamShakeRotLess ConstantShakeRotMore ConstantShakeRotLess"
            },
            "o": 30,
            "v": "",
            "t": "_child",
            "tag": "2_color"
          },
          "Shape": {
            "o": 34,
            "v": "None",
            "tag": "1_image",
            "t": "_child None Circle SidedPolygon Letter"
          },
          "v": "Image",
          "MeasurePos": {
            "measureWhat": {
              "o": 0,
              "v": "Nothing",
              "tag": "misc",
              "t": "_child Nothing BeatCamShakeMore BeatCamShakeLess BeatRandomShake ConstantShakeMore ConstantShake TrackPosition"
            },
            "o": 6,
            "v": "",
            "t": "_child",
            "tag": "0_general"
          },
          "blurRadius": {
            "o": 33,
            "v": 6,
            "tag": "blur",
            "t": "i 1 25"
          },
          "blurDivider": {
            "o": 32,
            "v": 10,
            "tag": "blur",
            "t": "i 0 10"
          },
          "measureAnimationSpeed": {
            "measureWhat": {
              "o": 0,
              "v": "Nothing",
              "tag": "misc",
              "t": "_child Nothing Beat TotalTime TotalTimeBackward TotalTimeWhenPlaying TotalTimeAndBeat TrackPosition"
            },
            "o": 14,
            "v": "",
            "t": "_child",
            "tag": "1_image"
          },
          "generatedAlbumArtColor": {
            "o": 19,
            "v": -1,
            "tag": "generatedAlbumArt",
            "t": "crgba"
          }
        },
        {
          "generatedAlbumArtHintNoText": {
            "o": 17,
            "v": 0,
            "tag": "generatedAlbumArt",
            "t": "b"
          },
          "position": {
            "o": 3,
            "v": "0.500000 0.500000",
            "tag": "0_general",
            "t": "f2 -1.0 1.0"
          },
          "scale": {
            "o": 9,
            "v": "1.150000 1.150000",
            "tag": "0_general",
            "t": "f2 0.0 2.0"
          },
          "ColorTo": {
            "o": 29,
            "v": "0.997222 1.000000 1.000000 0.000000",
            "tag": "2_color",
            "t": "chsla4f"
          },
          "visible": {
            "o": 1,
            "v": 1,
            "tag": "0_general",
            "t": "b"
          },
          "blendMode": {
            "o": 2,
            "v": "PreMulAlpha",
            "tag": "0_general",
            "t": "_child Alpha PreMulAlpha Screen Add AddAlpha"
          },
          "keepAspectRatio": {
            "o": 26,
            "v": 1,
            "tag": "1_image",
            "t": "b"
          },
          "generatedAlbumArtHintForceGen": {
            "o": 18,
            "v": 0,
            "tag": "generatedAlbumArt",
            "t": "b"
          },
          "_name": "Image",
          "generatedAlbumArtHint": {
            "o": 15,
            "v": 1,
            "tag": "generatedAlbumArt",
            "t": "ih 0 7"
          },
          "transparencyStrength": {
            "o": 24,
            "v": 1,
            "tag": "2_ColorKey",
            "t": "f 0.0 4.0"
          },
          "ver": "10",
          "customImage": {
            "o": 13,
            "v": "content:\/\/com.android.providers.media.documents\/document\/image%3A57641",
            "tag": "1_image",
            "t": "img internalres:white internalres:black internalres:particle_circle_blur4 internalres:vignette80 internalres:rainbow128 internalres:particle_blur01_more internalres:lens_flare internalres:lens_flare_2 composition:0"
          },
          "blurEnabled": {
            "o": 31,
            "v": 0,
            "tag": "blur",
            "t": "b"
          },
          "MaskImage": {
            "o": 35,
            "v": "",
            "tag": "1_image",
            "t": "img internalres:transparent internalres:white internalres:black internalres:particle_circle_blur4 internalres:particle_blur01 internalres:particle_blur_inv internalres:vignette80 composition:0"
          },
          "objType": "Image",
          "keepAspectRatioAndCropToFit": {
            "o": 20,
            "v": 0,
            "tag": "1_image",
            "t": "b"
          },
          "measureRot": {
            "measureWhat": {
              "o": 0,
              "v": "Nothing",
              "tag": "misc",
              "t": "_child Nothing Beat TotalTime TotalTimeBackward TotalTimeWhenPlaying TotalTimeAndBeat TrackPosition BeatRandomShake BeatCamShakeRotMore BeatCamShakeRotLess ConstantShakeRotMore ConstantShakeRotLess"
            },
            "o": 12,
            "v": "",
            "t": "_child",
            "tag": "0_general"
          },
          "measureScale": {
            "measureWhat": {
              "o": 0,
              "v": "Nothing",
              "tag": "misc",
              "t": "_child Nothing Beat TotalTime TotalTimeBackward TotalTimeWhenPlaying TotalTimeAndBeat TrackPosition BeatRandomShake BeatCamShakeRotMore BeatCamShakeRotLess ConstantShakeRotMore ConstantShakeRotLess"
            },
            "o": 10,
            "v": "",
            "t": "_child",
            "tag": "0_general"
          },
          "_id": {
            "o": 0,
            "v": 5,
            "tag": "",
            "t": "ih"
          },
          "generatedAlbumArtHintShiftHue": {
            "o": 16,
            "v": 1,
            "tag": "generatedAlbumArt",
            "t": "b"
          },
          "rotation": {
            "o": 11,
            "v": 0,
            "tag": "0_general",
            "t": "f 0.0 300.0"
          },
          "colorKey": {
            "o": 23,
            "v": -1,
            "tag": "2_ColorKey",
            "t": "crgb_hl"
          },
          "opacityStrength": {
            "o": 25,
            "v": 1,
            "tag": "2_ColorKey",
            "t": "f 0.0 4.0"
          },
          "autoDetectColorKey": {
            "o": 22,
            "v": 0,
            "tag": "2_ColorKey",
            "t": "b"
          },
          "alignmentPosition": {
            "o": 7,
            "v": "0.500000 0.500000",
            "tag": "0_general",
            "t": "f2 0.0 1.0"
          },
          "maskMode": {
            "o": 36,
            "v": "Transparency",
            "tag": "1_image",
            "t": "sel Transparency TransparencyAndBlacks TransparencyAndWhites InvertedTransparency"
          },
          "colorKeyEnabled": {
            "o": 21,
            "v": 0,
            "tag": "2_ColorKey",
            "t": "b"
          },
          "anchorY": {
            "o": 5,
            "v": "unset",
            "tag": "0_general",
            "t": "sel unset start center end"
          },
          "scaleIsUniform": {
            "o": 8,
            "v": 0,
            "tag": "0_general",
            "t": "b"
          },
          "anchorX": {
            "o": 4,
            "v": "unset",
            "tag": "0_general",
            "t": "sel unset start center end"
          },
          "blurredBorder": {
            "o": 27,
            "v": 1,
            "tag": "1_image",
            "t": "b"
          },
          "Color": {
            "o": 28,
            "v": "1.000000 1.000000 1.000000 1.000000",
            "tag": "2_color",
            "t": "chsla4f"
          },
          "MeasureColorBlend": {
            "measureWhat": {
              "o": 0,
              "v": "Beat",
              "tag": "misc",
              "t": "_child Nothing Beat TotalTime TotalTimeBackward TotalTimeWhenPlaying TotalTimeAndBeat TrackPosition BeatRandomShake BeatCamShakeRotMore BeatCamShakeRotLess ConstantShakeRotMore ConstantShakeRotLess"
            },
            "o": 30,
            "v": "",
            "t": "_child",
            "A": {
              "o": 1,
              "v": 0.5250000357627869,
              "hint": "X Amount",
              "t": "f 0.0 1.0",
              "tag": "misc"
            },
            "B": {
              "o": 2,
              "v": 0.5250000357627869,
              "hint": "Y Amount",
              "t": "f 0.0 1.0",
              "tag": "misc"
            },
            "tag": "2_color"
          },
          "Shape": {
            "o": 34,
            "v": "None",
            "tag": "1_image",
            "t": "_child None Circle SidedPolygon Letter"
          },
          "v": "Image",
          "MeasurePos": {
            "measureWhat": {
              "o": 0,
              "v": "Nothing",
              "tag": "misc",
              "t": "_child Nothing BeatCamShakeMore BeatCamShakeLess BeatRandomShake ConstantShakeMore ConstantShake TrackPosition"
            },
            "o": 6,
            "v": "",
            "t": "_child",
            "tag": "0_general"
          },
          "blurRadius": {
            "o": 33,
            "v": 7,
            "tag": "blur",
            "t": "i 1 25"
          },
          "blurDivider": {
            "o": 32,
            "v": 5,
            "tag": "blur",
            "t": "i 0 10"
          },
          "measureAnimationSpeed": {
            "measureWhat": {
              "o": 0,
              "v": "Nothing",
              "tag": "misc",
              "t": "_child Nothing Beat TotalTime TotalTimeBackward TotalTimeWhenPlaying TotalTimeAndBeat TrackPosition"
            },
            "o": 14,
            "v": "",
            "t": "_child",
            "tag": "1_image"
          },
          "generatedAlbumArtColor": {
            "o": 19,
            "v": -16777216,
            "tag": "generatedAlbumArt",
            "t": "crgba"
          }
        },
        {
          "TargetImage": {
            "o": 15,
            "v": "composition:1",
            "tag": "1_appearance",
            "t": "img composition:0"
          },
          "position": {
            "o": 3,
            "v": "0.500000 0.500000",
            "tag": "0_general",
            "t": "f2 -1.0 1.0"
          },
          "scale": {
            "o": 9,
            "v": "1.000000 1.000000",
            "tag": "0_general",
            "t": "f2 0.0 2.0"
          },
          "visible": {
            "o": 1,
            "v": 1,
            "tag": "0_general",
            "t": "b"
          },
          "alignmentPosition": {
            "o": 7,
            "v": "0.500000 0.500000",
            "tag": "0_general",
            "t": "f2 0.0 1.0"
          },
          "blendMode": {
            "o": 2,
            "v": "PreMulAlpha",
            "tag": "0_general",
            "t": "_child Alpha PreMulAlpha Screen Add AddAlpha"
          },
          "_name": "Motion Blur Effect",
          "anchorY": {
            "o": 5,
            "v": "unset",
            "tag": "0_general",
            "t": "sel unset start center end"
          },
          "scaleIsUniform": {
            "o": 8,
            "v": 0,
            "tag": "0_general",
            "t": "b"
          },
          "ver": "10",
          "anchorX": {
            "o": 4,
            "v": "unset",
            "tag": "0_general",
            "t": "sel unset start center end"
          },
          "v": "MotionBlurEffect",
          "blurAmountMultiplier": {
            "o": 18,
            "v": "Constant 0.3 1.0",
            "tag": "2_motionBlur",
            "t": "mvarf 0.0 2.0"
          },
          "objType": "MotionBlurEffect",
          "measureRot": {
            "measureWhat": {
              "o": 0,
              "v": "Nothing",
              "tag": "misc",
              "t": "_child Nothing Beat TotalTime TotalTimeBackward TotalTimeWhenPlaying TotalTimeAndBeat TrackPosition BeatRandomShake BeatCamShakeRotMore BeatCamShakeRotLess ConstantShakeRotMore ConstantShakeRotLess"
            },
            "o": 12,
            "v": "",
            "t": "_child",
            "tag": "0_general"
          },
          "measureScale": {
            "measureWhat": {
              "o": 0,
              "v": "Beat",
              "tag": "misc",
              "t": "_child Nothing Beat TotalTime TotalTimeBackward TotalTimeWhenPlaying TotalTimeAndBeat TrackPosition BeatRandomShake BeatCamShakeRotMore BeatCamShakeRotLess ConstantShakeRotMore ConstantShakeRotLess"
            },
            "o": 10,
            "v": "",
            "t": "_child",
            "A": {
              "o": 1,
              "v": 0.029999999329447746,
              "hint": "X Amount",
              "t": "f -1.0 1.0",
              "tag": "misc"
            },
            "B": {
              "o": 2,
              "v": 0.029999999329447746,
              "hint": "Y Amount",
              "t": "f -1.0 1.0",
              "tag": "misc"
            },
            "tag": "0_general"
          },
          "MeasurePos": {
            "measureWhat": {
              "o": 0,
              "v": "BeatRandomShake",
              "tag": "misc",
              "t": "_child Nothing BeatCamShakeMore BeatCamShakeLess BeatRandomShake ConstantShakeMore ConstantShake TrackPosition"
            },
            "o": 6,
            "v": "",
            "t": "_child",
            "A": {
              "o": 1,
              "v": 0.10000000149011612,
              "hint": "Amount",
              "t": "f 0.0 2.0",
              "tag": "misc"
            },
            "B": {
              "o": 2,
              "v": 1,
              "hint": "Speed",
              "t": "f 0.0 2.0",
              "tag": "misc"
            },
            "tag": "0_general"
          },
          "_id": {
            "o": 0,
            "v": 6,
            "tag": "",
            "t": "ih"
          },
          "color": {
            "o": 14,
            "v": -1,
            "tag": "1_appearance",
            "t": "crgb"
          },
          "relativeMotionMode": {
            "o": 20,
            "v": 1,
            "tag": "2_motionBlur",
            "t": "b"
          },
          "rotation": {
            "o": 11,
            "v": 0,
            "tag": "0_general",
            "t": "f 0.0 300.0"
          },
          "blendModeContent": {
            "o": 13,
            "v": "Add",
            "tag": "1_appearance",
            "t": "_child Alpha PreMulAlpha Screen Add AddAlpha"
          },
          "showUnblurredContent": {
            "o": 16,
            "v": 0,
            "tag": "1_appearance",
            "t": "b"
          },
          "showUnblurredContentUnder": {
            "o": 17,
            "v": 0,
            "tag": "1_appearance",
            "t": "b"
          },
          "motionSource": {
            "o": 19,
            "v": "EffectTransform",
            "tag": "2_motionBlur",
            "t": "_child EffectTransform Manual"
          }
        },
        {
          "_name": "AppLogo",
          "v": "AppLogo",
          "ver": "10",
          "objType": "AppLogo",
          "visible": {
            "o": 1,
            "v": 0,
            "hint": "AppLogo",
            "t": "pb",
            "tag": "0_general"
          },
          "typeFace": {
            "o": 0,
            "v": "internal_3",
            "tag": "appearance",
            "t": "passet internal_0:2130837658 internal_1:2130837659 internal_2:2130837660 internal_3:2130837661"
          },
          "color": {
            "o": 2,
            "v": -1869574000,
            "tag": "0_general",
            "t": "crgba"
          }
        }
      ],
      "outroFadeDuration": {
        "o": 2,
        "v": 0,
        "tag": "2_introOutro",
        "t": "f 0.0 10.0"
      }
    },
    {
      "v": "Composition",
      "objType": "Composition",
      "introBlendMode": {
        "o": 0,
        "v": "Alpha",
        "tag": "2_introOutro",
        "t": "sel Alpha AddAlpha"
      },
      "_name": "Composition",
      "introFadeDuration": {
        "o": 1,
        "v": 0,
        "tag": "2_introOutro",
        "t": "f 0.0 10.0"
      },
      "ver": "10",
      "introFadeColor": {
        "o": 3,
        "v": -553648128,
        "tag": "2_introOutro",
        "t": "crgba"
      },
      "elements": [
        {
          "position": {
            "o": 3,
            "v": "0.500000 0.500000",
            "tag": "0_general",
            "t": "f2 -1.0 1.0"
          },
          "scale": {
            "o": 9,
            "v": "0.500000 0.500000",
            "tag": "0_general",
            "t": "f2 0.0 2.0"
          },
          "visible": {
            "o": 1,
            "v": 1,
            "tag": "0_general",
            "t": "b"
          },
          "ShapePath": {
            "o": 16,
            "v": "Circle",
            "radius": {
              "o": 0,
              "v": 1.3125,
              "tag": "misc",
              "t": "f 0.5 3.0"
            },
            "t": "_child HorizontalLine Circle SidedPolygon Letter",
            "tag": "1_bars",
            "gap": {
              "o": 1,
              "v": 0,
              "tag": "misc",
              "t": "f 0.0 0.9"
            }
          },
          "blendMode": {
            "o": 2,
            "v": "PreMulAlpha",
            "tag": "0_general",
            "t": "_child Alpha PreMulAlpha Screen Add AddAlpha"
          },
          "_name": "Bars\/Line",
          "minHeightScale": {
            "o": 15,
            "v": 1.862645149230957E-9,
            "tag": "1_bars",
            "t": "f -0.03 0.03"
          },
          "ver": "10",
          "audioProviderIndex": {
            "o": 21,
            "v": 1,
            "tag": "2_Behavior",
            "t": "i 1 4"
          },
          "objType": "Bars",
          "measureRot": {
            "measureWhat": {
              "o": 0,
              "v": "TotalTime",
              "tag": "misc",
              "t": "_child Nothing Beat TotalTime TotalTimeBackward TotalTimeWhenPlaying TotalTimeAndBeat TrackPosition BeatRandomShake BeatCamShakeRotMore BeatCamShakeRotLess ConstantShakeRotMore ConstantShakeRotLess"
            },
            "o": 12,
            "v": "",
            "t": "_child",
            "A": {
              "o": 1,
              "v": 0.10000000149011612,
              "hint": "X Speed",
              "t": "f 0.0 1.0",
              "tag": "misc"
            },
            "B": {
              "o": 2,
              "v": 0.5,
              "hint": "Y Speed",
              "t": "f 0.0 1.0",
              "tag": "misc"
            },
            "tag": "0_general"
          },
          "measureScale": {
            "measureWhat": {
              "o": 0,
              "v": "Beat",
              "tag": "misc",
              "t": "_child Nothing Beat TotalTime TotalTimeBackward TotalTimeWhenPlaying TotalTimeAndBeat TrackPosition BeatRandomShake BeatCamShakeRotMore BeatCamShakeRotLess ConstantShakeRotMore ConstantShakeRotLess"
            },
            "o": 10,
            "v": "",
            "t": "_child",
            "A": {
              "o": 1,
              "v": 0.10000002384185791,
              "hint": "X Amount",
              "t": "f -1.0 1.0",
              "tag": "misc"
            },
            "B": {
              "o": 2,
              "v": 0.10000002384185791,
              "hint": "Y Amount",
              "t": "f -1.0 1.0",
              "tag": "misc"
            },
            "tag": "0_general"
          },
          "_id": {
            "o": 0,
            "v": 340,
            "tag": "",
            "t": "ih"
          },
          "rotation": {
            "o": 11,
            "v": 97.5,
            "tag": "0_general",
            "t": "f 0.0 300.0"
          },
          "reactionDelay": {
            "o": 19,
            "v": 0,
            "tag": "2_Behavior",
            "t": "i 0 9"
          },
          "colorBlendOffset": {
            "o": 17,
            "v": "Constant 0.5 0.0",
            "tag": "1_bars",
            "t": "mvarf 0.0 1.0"
          },
          "alignmentPosition": {
            "o": 7,
            "v": "0.500000 0.500000",
            "tag": "0_general",
            "t": "f2 0.0 1.0"
          },
          "reactionAccumulatedDelay": {
            "o": 20,
            "v": 0,
            "tag": "2_Behavior",
            "t": "i 0 9"
          },
          "anchorY": {
            "o": 5,
            "v": "unset",
            "tag": "0_general",
            "t": "sel unset start center end"
          },
          "scaleIsUniform": {
            "o": 8,
            "v": 0,
            "tag": "0_general",
            "t": "b"
          },
          "anchorX": {
            "o": 4,
            "v": "unset",
            "tag": "0_general",
            "t": "sel unset start center end"
          },
          "v": "Bars",
          "Segment2": {
            "o": 23,
            "v": "None",
            "tag": "1_bars",
            "t": "_child None Bars Line SharpBars RoundBars"
          },
          "Segment1": {
            "mirror": {
              "o": 4,
              "v": 0,
              "tag": "b",
              "t": "b"
            },
            "v": "Line",
            "barHeightMultiplier": {
              "o": 3,
              "v": -2,
              "tag": "misc",
              "t": "f -2.0 2.0"
            },
            "fixedHeight": {
              "o": 2,
              "v": 0,
              "tag": "misc",
              "t": "f -50.0 50.0"
            },
            "t": "_child None Bars Line SharpBars RoundBars",
            "colorTo": {
              "o": 1,
              "v": 0,
              "tag": "misc",
              "t": "crgba"
            },
            "colorFrom": {
              "o": 0,
              "v": 1416325995,
              "tag": "misc",
              "t": "crgba"
            },
            "tag": "1_bars",
            "o": 22,
            "flipEveryOther": {
              "o": 5,
              "v": 0,
              "tag": "b",
              "t": "b"
            }
          },
          "MeasurePos": {
            "measureWhat": {
              "o": 0,
              "v": "BeatRandomShake",
              "tag": "misc",
              "t": "_child Nothing BeatCamShakeMore BeatCamShakeLess BeatRandomShake ConstantShakeMore ConstantShake TrackPosition"
            },
            "o": 6,
            "v": "",
            "t": "_child",
            "A": {
              "o": 1,
              "v": 0.10000000149011612,
              "hint": "Amount",
              "t": "f 0.0 2.0",
              "tag": "misc"
            },
            "B": {
              "o": 2,
              "v": 1.0500000715255737,
              "hint": "Speed",
              "t": "f 0.0 2.0",
              "tag": "misc"
            },
            "tag": "0_general"
          },
          "flipInput": {
            "o": 13,
            "v": 0,
            "tag": "1_bars",
            "t": "b"
          },
          "softness": {
            "o": 18,
            "v": 20,
            "tag": "2_Behavior",
            "t": "i 0 20"
          },
          "heightScale": {
            "o": 14,
            "v": 1,
            "tag": "1_bars",
            "t": "f -10.0 10.0"
          }
        },
        {
          "position": {
            "o": 3,
            "v": "0.500000 0.500000",
            "tag": "0_general",
            "t": "f2 -1.0 1.0"
          },
          "scale": {
            "o": 9,
            "v": "0.500000 0.500000",
            "tag": "0_general",
            "t": "f2 0.0 2.0"
          },
          "visible": {
            "o": 1,
            "v": 1,
            "tag": "0_general",
            "t": "b"
          },
          "ShapePath": {
            "o": 16,
            "v": "Circle",
            "radius": {
              "o": 0,
              "v": 1.3125,
              "tag": "misc",
              "t": "f 0.5 3.0"
            },
            "t": "_child HorizontalLine Circle SidedPolygon Letter",
            "tag": "1_bars",
            "gap": {
              "o": 1,
              "v": 0,
              "tag": "misc",
              "t": "f 0.0 0.9"
            }
          },
          "blendMode": {
            "o": 2,
            "v": "PreMulAlpha",
            "tag": "0_general",
            "t": "_child Alpha PreMulAlpha Screen Add AddAlpha"
          },
          "_name": "Bars\/Line",
          "minHeightScale": {
            "o": 15,
            "v": 1.862645149230957E-9,
            "tag": "1_bars",
            "t": "f -0.03 0.03"
          },
          "ver": "10",
          "audioProviderIndex": {
            "o": 21,
            "v": 1,
            "tag": "2_Behavior",
            "t": "i 1 4"
          },
          "objType": "Bars",
          "measureRot": {
            "measureWhat": {
              "o": 0,
              "v": "TotalTime",
              "tag": "misc",
              "t": "_child Nothing Beat TotalTime TotalTimeBackward TotalTimeWhenPlaying TotalTimeAndBeat TrackPosition BeatRandomShake BeatCamShakeRotMore BeatCamShakeRotLess ConstantShakeRotMore ConstantShakeRotLess"
            },
            "o": 12,
            "v": "",
            "t": "_child",
            "A": {
              "o": 1,
              "v": 0.10000000149011612,
              "hint": "X Speed",
              "t": "f 0.0 1.0",
              "tag": "misc"
            },
            "B": {
              "o": 2,
              "v": 0.5,
              "hint": "Y Speed",
              "t": "f 0.0 1.0",
              "tag": "misc"
            },
            "tag": "0_general"
          },
          "measureScale": {
            "measureWhat": {
              "o": 0,
              "v": "Beat",
              "tag": "misc",
              "t": "_child Nothing Beat TotalTime TotalTimeBackward TotalTimeWhenPlaying TotalTimeAndBeat TrackPosition BeatRandomShake BeatCamShakeRotMore BeatCamShakeRotLess ConstantShakeRotMore ConstantShakeRotLess"
            },
            "o": 10,
            "v": "",
            "t": "_child",
            "A": {
              "o": 1,
              "v": 0.10000002384185791,
              "hint": "X Amount",
              "t": "f -1.0 1.0",
              "tag": "misc"
            },
            "B": {
              "o": 2,
              "v": 0.10000002384185791,
              "hint": "Y Amount",
              "t": "f -1.0 1.0",
              "tag": "misc"
            },
            "tag": "0_general"
          },
          "_id": {
            "o": 0,
            "v": 343,
            "tag": "",
            "t": "ih"
          },
          "rotation": {
            "o": 11,
            "v": 135,
            "tag": "0_general",
            "t": "f 0.0 300.0"
          },
          "reactionDelay": {
            "o": 19,
            "v": 0,
            "tag": "2_Behavior",
            "t": "i 0 9"
          },
          "colorBlendOffset": {
            "o": 17,
            "v": "Constant 0.5 0.0",
            "tag": "1_bars",
            "t": "mvarf 0.0 1.0"
          },
          "alignmentPosition": {
            "o": 7,
            "v": "0.500000 0.500000",
            "tag": "0_general",
            "t": "f2 0.0 1.0"
          },
          "reactionAccumulatedDelay": {
            "o": 20,
            "v": 0,
            "tag": "2_Behavior",
            "t": "i 0 9"
          },
          "anchorY": {
            "o": 5,
            "v": "unset",
            "tag": "0_general",
            "t": "sel unset start center end"
          },
          "scaleIsUniform": {
            "o": 8,
            "v": 0,
            "tag": "0_general",
            "t": "b"
          },
          "anchorX": {
            "o": 4,
            "v": "unset",
            "tag": "0_general",
            "t": "sel unset start center end"
          },
          "v": "Bars",
          "Segment2": {
            "o": 23,
            "v": "None",
            "tag": "1_bars",
            "t": "_child None Bars Line SharpBars RoundBars"
          },
          "Segment1": {
            "mirror": {
              "o": 4,
              "v": 0,
              "tag": "b",
              "t": "b"
            },
            "v": "Line",
            "barHeightMultiplier": {
              "o": 3,
              "v": -2,
              "tag": "misc",
              "t": "f -2.0 2.0"
            },
            "fixedHeight": {
              "o": 2,
              "v": 0,
              "tag": "misc",
              "t": "f -50.0 50.0"
            },
            "t": "_child None Bars Line SharpBars RoundBars",
            "colorTo": {
              "o": 1,
              "v": 0,
              "tag": "misc",
              "t": "crgba"
            },
            "colorFrom": {
              "o": 0,
              "v": 1416325995,
              "tag": "misc",
              "t": "crgba"
            },
            "tag": "1_bars",
            "o": 22,
            "flipEveryOther": {
              "o": 5,
              "v": 0,
              "tag": "b",
              "t": "b"
            }
          },
          "MeasurePos": {
            "measureWhat": {
              "o": 0,
              "v": "BeatRandomShake",
              "tag": "misc",
              "t": "_child Nothing BeatCamShakeMore BeatCamShakeLess BeatRandomShake ConstantShakeMore ConstantShake TrackPosition"
            },
            "o": 6,
            "v": "",
            "t": "_child",
            "A": {
              "o": 1,
              "v": 0.10000000149011612,
              "hint": "Amount",
              "t": "f 0.0 2.0",
              "tag": "misc"
            },
            "B": {
              "o": 2,
              "v": 1.0500000715255737,
              "hint": "Speed",
              "t": "f 0.0 2.0",
              "tag": "misc"
            },
            "tag": "0_general"
          },
          "flipInput": {
            "o": 13,
            "v": 0,
            "tag": "1_bars",
            "t": "b"
          },
          "softness": {
            "o": 18,
            "v": 20,
            "tag": "2_Behavior",
            "t": "i 0 20"
          },
          "heightScale": {
            "o": 14,
            "v": 1,
            "tag": "1_bars",
            "t": "f -10.0 10.0"
          }
        },
        {
          "position": {
            "o": 3,
            "v": "0.500000 0.500000",
            "tag": "0_general",
            "t": "f2 -1.0 1.0"
          },
          "scale": {
            "o": 9,
            "v": "0.500000 0.500000",
            "tag": "0_general",
            "t": "f2 0.0 2.0"
          },
          "visible": {
            "o": 1,
            "v": 1,
            "tag": "0_general",
            "t": "b"
          },
          "ShapePath": {
            "o": 16,
            "v": "Circle",
            "radius": {
              "o": 0,
              "v": 1.3125,
              "tag": "misc",
              "t": "f 0.5 3.0"
            },
            "t": "_child HorizontalLine Circle SidedPolygon Letter",
            "tag": "1_bars",
            "gap": {
              "o": 1,
              "v": 0,
              "tag": "misc",
              "t": "f 0.0 0.9"
            }
          },
          "blendMode": {
            "o": 2,
            "v": "PreMulAlpha",
            "tag": "0_general",
            "t": "_child Alpha PreMulAlpha Screen Add AddAlpha"
          },
          "_name": "Bars\/Line",
          "minHeightScale": {
            "o": 15,
            "v": 1.862645149230957E-9,
            "tag": "1_bars",
            "t": "f -0.03 0.03"
          },
          "ver": "10",
          "audioProviderIndex": {
            "o": 21,
            "v": 1,
            "tag": "2_Behavior",
            "t": "i 1 4"
          },
          "objType": "Bars",
          "measureRot": {
            "measureWhat": {
              "o": 0,
              "v": "TotalTime",
              "tag": "misc",
              "t": "_child Nothing Beat TotalTime TotalTimeBackward TotalTimeWhenPlaying TotalTimeAndBeat TrackPosition BeatRandomShake BeatCamShakeRotMore BeatCamShakeRotLess ConstantShakeRotMore ConstantShakeRotLess"
            },
            "o": 12,
            "v": "",
            "t": "_child",
            "A": {
              "o": 1,
              "v": 0.10000000149011612,
              "hint": "X Speed",
              "t": "f 0.0 1.0",
              "tag": "misc"
            },
            "B": {
              "o": 2,
              "v": 0.5,
              "hint": "Y Speed",
              "t": "f 0.0 1.0",
              "tag": "misc"
            },
            "tag": "0_general"
          },
          "measureScale": {
            "measureWhat": {
              "o": 0,
              "v": "Beat",
              "tag": "misc",
              "t": "_child Nothing Beat TotalTime TotalTimeBackward TotalTimeWhenPlaying TotalTimeAndBeat TrackPosition BeatRandomShake BeatCamShakeRotMore BeatCamShakeRotLess ConstantShakeRotMore ConstantShakeRotLess"
            },
            "o": 10,
            "v": "",
            "t": "_child",
            "A": {
              "o": 1,
              "v": 0.10000002384185791,
              "hint": "X Amount",
              "t": "f -1.0 1.0",
              "tag": "misc"
            },
            "B": {
              "o": 2,
              "v": 0.10000002384185791,
              "hint": "Y Amount",
              "t": "f -1.0 1.0",
              "tag": "misc"
            },
            "tag": "0_general"
          },
          "_id": {
            "o": 0,
            "v": 346,
            "tag": "",
            "t": "ih"
          },
          "rotation": {
            "o": 11,
            "v": 202.5,
            "tag": "0_general",
            "t": "f 0.0 300.0"
          },
          "reactionDelay": {
            "o": 19,
            "v": 0,
            "tag": "2_Behavior",
            "t": "i 0 9"
          },
          "colorBlendOffset": {
            "o": 17,
            "v": "Constant 0.5 0.0",
            "tag": "1_bars",
            "t": "mvarf 0.0 1.0"
          },
          "alignmentPosition": {
            "o": 7,
            "v": "0.500000 0.500000",
            "tag": "0_general",
            "t": "f2 0.0 1.0"
          },
          "reactionAccumulatedDelay": {
            "o": 20,
            "v": 0,
            "tag": "2_Behavior",
            "t": "i 0 9"
          },
          "anchorY": {
            "o": 5,
            "v": "unset",
            "tag": "0_general",
            "t": "sel unset start center end"
          },
          "scaleIsUniform": {
            "o": 8,
            "v": 0,
            "tag": "0_general",
            "t": "b"
          },
          "anchorX": {
            "o": 4,
            "v": "unset",
            "tag": "0_general",
            "t": "sel unset start center end"
          },
          "v": "Bars",
          "Segment2": {
            "o": 23,
            "v": "None",
            "tag": "1_bars",
            "t": "_child None Bars Line SharpBars RoundBars"
          },
          "Segment1": {
            "mirror": {
              "o": 4,
              "v": 0,
              "tag": "b",
              "t": "b"
            },
            "v": "Line",
            "barHeightMultiplier": {
              "o": 3,
              "v": -2,
              "tag": "misc",
              "t": "f -2.0 2.0"
            },
            "fixedHeight": {
              "o": 2,
              "v": 0,
              "tag": "misc",
              "t": "f -50.0 50.0"
            },
            "t": "_child None Bars Line SharpBars RoundBars",
            "colorTo": {
              "o": 1,
              "v": 0,
              "tag": "misc",
              "t": "crgba"
            },
            "colorFrom": {
              "o": 0,
              "v": 1416325995,
              "tag": "misc",
              "t": "crgba"
            },
            "tag": "1_bars",
            "o": 22,
            "flipEveryOther": {
              "o": 5,
              "v": 0,
              "tag": "b",
              "t": "b"
            }
          },
          "MeasurePos": {
            "measureWhat": {
              "o": 0,
              "v": "BeatRandomShake",
              "tag": "misc",
              "t": "_child Nothing BeatCamShakeMore BeatCamShakeLess BeatRandomShake ConstantShakeMore ConstantShake TrackPosition"
            },
            "o": 6,
            "v": "",
            "t": "_child",
            "A": {
              "o": 1,
              "v": 0.10000000149011612,
              "hint": "Amount",
              "t": "f 0.0 2.0",
              "tag": "misc"
            },
            "B": {
              "o": 2,
              "v": 1.0500000715255737,
              "hint": "Speed",
              "t": "f 0.0 2.0",
              "tag": "misc"
            },
            "tag": "0_general"
          },
          "flipInput": {
            "o": 13,
            "v": 0,
            "tag": "1_bars",
            "t": "b"
          },
          "softness": {
            "o": 18,
            "v": 20,
            "tag": "2_Behavior",
            "t": "i 0 20"
          },
          "heightScale": {
            "o": 14,
            "v": 1,
            "tag": "1_bars",
            "t": "f -10.0 10.0"
          }
        },
        {
          "generatedAlbumArtHintNoText": {
            "o": 17,
            "v": 0,
            "tag": "generatedAlbumArt",
            "t": "b"
          },
          "position": {
            "o": 3,
            "v": "0.500000 0.500000",
            "tag": "0_general",
            "t": "f2 -1.0 1.0"
          },
          "scale": {
            "o": 9,
            "v": "0.450000 0.450000",
            "tag": "0_general",
            "t": "f2 0.0 2.0"
          },
          "ColorTo": {
            "o": 29,
            "v": "1.000000 1.000000 1.000000 1.000000",
            "tag": "2_color",
            "t": "chsla4f"
          },
          "visible": {
            "o": 1,
            "v": 1,
            "tag": "0_general",
            "t": "b"
          },
          "blendMode": {
            "o": 2,
            "v": "Alpha",
            "tag": "0_general",
            "t": "_child Alpha PreMulAlpha Screen Add AddAlpha"
          },
          "keepAspectRatio": {
            "o": 26,
            "v": 1,
            "tag": "1_image",
            "t": "b"
          },
          "generatedAlbumArtHintForceGen": {
            "o": 18,
            "v": 0,
            "tag": "generatedAlbumArt",
            "t": "b"
          },
          "_name": "Image",
          "generatedAlbumArtHint": {
            "o": 15,
            "v": 0,
            "tag": "generatedAlbumArt",
            "t": "ih 0 7"
          },
          "transparencyStrength": {
            "o": 24,
            "v": 1,
            "tag": "2_ColorKey",
            "t": "f 0.0 4.0"
          },
          "ver": "10",
          "customImage": {
            "o": 13,
            "v": "content:\/\/com.android.providers.media.documents\/document\/image%3A58987",
            "tag": "1_image",
            "t": "img internalres:white internalres:black internalres:particle_circle_blur4 internalres:vignette80 internalres:rainbow128 internalres:particle_blur01_more internalres:lens_flare internalres:lens_flare_2 composition:0"
          },
          "blurEnabled": {
            "o": 31,
            "v": 0,
            "tag": "blur",
            "t": "b"
          },
          "MaskImage": {
            "o": 35,
            "v": "",
            "tag": "1_image",
            "t": "img internalres:transparent internalres:white internalres:black internalres:particle_circle_blur4 internalres:particle_blur01 internalres:particle_blur_inv internalres:vignette80 composition:0"
          },
          "objType": "Image",
          "keepAspectRatioAndCropToFit": {
            "o": 20,
            "v": 0,
            "tag": "1_image",
            "t": "b"
          },
          "measureRot": {
            "measureWhat": {
              "o": 0,
              "v": "Nothing",
              "tag": "misc",
              "t": "_child Nothing Beat TotalTime TotalTimeBackward TotalTimeWhenPlaying TotalTimeAndBeat TrackPosition BeatRandomShake BeatCamShakeRotMore BeatCamShakeRotLess ConstantShakeRotMore ConstantShakeRotLess"
            },
            "o": 12,
            "v": "",
            "t": "_child",
            "tag": "0_general"
          },
          "measureScale": {
            "measureWhat": {
              "o": 0,
              "v": "Beat",
              "tag": "misc",
              "t": "_child Nothing Beat TotalTime TotalTimeBackward TotalTimeWhenPlaying TotalTimeAndBeat TrackPosition BeatRandomShake BeatCamShakeRotMore BeatCamShakeRotLess ConstantShakeRotMore ConstantShakeRotLess"
            },
            "o": 10,
            "v": "",
            "t": "_child",
            "A": {
              "o": 1,
              "v": 0.1499999761581421,
              "hint": "X Amount",
              "t": "f -1.0 1.0",
              "tag": "misc"
            },
            "B": {
              "o": 2,
              "v": 0.05000007152557373,
              "hint": "Y Amount",
              "t": "f -1.0 1.0",
              "tag": "misc"
            },
            "tag": "0_general"
          },
          "_id": {
            "o": 0,
            "v": 347,
            "tag": "",
            "t": "ih"
          },
          "generatedAlbumArtHintShiftHue": {
            "o": 16,
            "v": 0,
            "tag": "generatedAlbumArt",
            "t": "b"
          },
          "rotation": {
            "o": 11,
            "v": 0,
            "tag": "0_general",
            "t": "f 0.0 300.0"
          },
          "colorKey": {
            "o": 23,
            "v": -16711936,
            "tag": "2_ColorKey",
            "t": "crgb_hl"
          },
          "opacityStrength": {
            "o": 25,
            "v": 1,
            "tag": "2_ColorKey",
            "t": "f 0.0 4.0"
          },
          "autoDetectColorKey": {
            "o": 22,
            "v": 1,
            "tag": "2_ColorKey",
            "t": "b"
          },
          "alignmentPosition": {
            "o": 7,
            "v": "0.500000 0.500000",
            "tag": "0_general",
            "t": "f2 0.0 1.0"
          },
          "maskMode": {
            "o": 36,
            "v": "Transparency",
            "tag": "1_image",
            "t": "sel Transparency TransparencyAndBlacks TransparencyAndWhites InvertedTransparency"
          },
          "colorKeyEnabled": {
            "o": 21,
            "v": 0,
            "tag": "2_ColorKey",
            "t": "b"
          },
          "anchorY": {
            "o": 5,
            "v": "unset",
            "tag": "0_general",
            "t": "sel unset start center end"
          },
          "scaleIsUniform": {
            "o": 8,
            "v": 0,
            "tag": "0_general",
            "t": "b"
          },
          "anchorX": {
            "o": 4,
            "v": "unset",
            "tag": "0_general",
            "t": "sel unset start center end"
          },
          "blurredBorder": {
            "o": 27,
            "v": 0,
            "tag": "1_image",
            "t": "b"
          },
          "Color": {
            "o": 28,
            "v": "1.000000 1.000000 1.000000 1.000000",
            "tag": "2_color",
            "t": "chsla4f"
          },
          "MeasureColorBlend": {
            "measureWhat": {
              "o": 0,
              "v": "Nothing",
              "tag": "misc",
              "t": "_child Nothing Beat TotalTime TotalTimeBackward TotalTimeWhenPlaying TotalTimeAndBeat TrackPosition BeatRandomShake BeatCamShakeRotMore BeatCamShakeRotLess ConstantShakeRotMore ConstantShakeRotLess"
            },
            "o": 30,
            "v": "",
            "t": "_child",
            "tag": "2_color"
          },
          "Shape": {
            "o": 34,
            "v": "None",
            "tag": "1_image",
            "t": "_child None Circle SidedPolygon Letter"
          },
          "v": "Image",
          "MeasurePos": {
            "measureWhat": {
              "o": 0,
              "v": "BeatRandomShake",
              "tag": "misc",
              "t": "_child Nothing BeatCamShakeMore BeatCamShakeLess BeatRandomShake ConstantShakeMore ConstantShake TrackPosition"
            },
            "o": 6,
            "v": "",
            "t": "_child",
            "A": {
              "o": 1,
              "v": 0.10000000149011612,
              "hint": "Amount",
              "t": "f 0.0 2.0",
              "tag": "misc"
            },
            "B": {
              "o": 2,
              "v": 1.0500000715255737,
              "hint": "Speed",
              "t": "f 0.0 2.0",
              "tag": "misc"
            },
            "tag": "0_general"
          },
          "blurRadius": {
            "o": 33,
            "v": 7,
            "tag": "blur",
            "t": "i 1 25"
          },
          "blurDivider": {
            "o": 32,
            "v": 5,
            "tag": "blur",
            "t": "i 0 10"
          },
          "measureAnimationSpeed": {
            "measureWhat": {
              "o": 0,
              "v": "Nothing",
              "tag": "misc",
              "t": "_child Nothing Beat TotalTime TotalTimeBackward TotalTimeWhenPlaying TotalTimeAndBeat TrackPosition"
            },
            "o": 14,
            "v": "",
            "t": "_child",
            "tag": "1_image"
          },
          "generatedAlbumArtColor": {
            "o": 19,
            "v": -1,
            "tag": "generatedAlbumArt",
            "t": "crgba"
          }
        },
        {
          "position": {
            "o": 3,
            "v": "0.500000 0.500000",
            "tag": "0_general",
            "t": "f2 -1.0 1.0"
          },
          "scale": {
            "o": 9,
            "v": "0.500000 0.500000",
            "tag": "0_general",
            "t": "f2 0.0 2.0"
          },
          "visible": {
            "o": 1,
            "v": 1,
            "tag": "0_general",
            "t": "b"
          },
          "ShapePath": {
            "o": 16,
            "v": "Circle",
            "radius": {
              "o": 0,
              "v": 1.3125,
              "tag": "misc",
              "t": "f 0.5 3.0"
            },
            "t": "_child HorizontalLine Circle SidedPolygon Letter",
            "tag": "1_bars",
            "gap": {
              "o": 1,
              "v": 0,
              "tag": "misc",
              "t": "f 0.0 0.9"
            }
          },
          "blendMode": {
            "o": 2,
            "v": "PreMulAlpha",
            "tag": "0_general",
            "t": "_child Alpha PreMulAlpha Screen Add AddAlpha"
          },
          "_name": "Bars\/Line",
          "minHeightScale": {
            "o": 15,
            "v": 1.862645149230957E-9,
            "tag": "1_bars",
            "t": "f -0.03 0.03"
          },
          "ver": "10",
          "audioProviderIndex": {
            "o": 21,
            "v": 1,
            "tag": "2_Behavior",
            "t": "i 1 4"
          },
          "objType": "Bars",
          "measureRot": {
            "measureWhat": {
              "o": 0,
              "v": "TotalTime",
              "tag": "misc",
              "t": "_child Nothing Beat TotalTime TotalTimeBackward TotalTimeWhenPlaying TotalTimeAndBeat TrackPosition BeatRandomShake BeatCamShakeRotMore BeatCamShakeRotLess ConstantShakeRotMore ConstantShakeRotLess"
            },
            "o": 12,
            "v": "",
            "t": "_child",
            "A": {
              "o": 1,
              "v": 0.10000000149011612,
              "hint": "X Speed",
              "t": "f 0.0 1.0",
              "tag": "misc"
            },
            "B": {
              "o": 2,
              "v": 0.5,
              "hint": "Y Speed",
              "t": "f 0.0 1.0",
              "tag": "misc"
            },
            "tag": "0_general"
          },
          "measureScale": {
            "measureWhat": {
              "o": 0,
              "v": "Beat",
              "tag": "misc",
              "t": "_child Nothing Beat TotalTime TotalTimeBackward TotalTimeWhenPlaying TotalTimeAndBeat TrackPosition BeatRandomShake BeatCamShakeRotMore BeatCamShakeRotLess ConstantShakeRotMore ConstantShakeRotLess"
            },
            "o": 10,
            "v": "",
            "t": "_child",
            "A": {
              "o": 1,
              "v": 0.10000002384185791,
              "hint": "X Amount",
              "t": "f -1.0 1.0",
              "tag": "misc"
            },
            "B": {
              "o": 2,
              "v": 0.10000002384185791,
              "hint": "Y Amount",
              "t": "f -1.0 1.0",
              "tag": "misc"
            },
            "tag": "0_general"
          },
          "_id": {
            "o": 0,
            "v": 342,
            "tag": "",
            "t": "ih"
          },
          "rotation": {
            "o": 11,
            "v": 75,
            "tag": "0_general",
            "t": "f 0.0 300.0"
          },
          "reactionDelay": {
            "o": 19,
            "v": 0,
            "tag": "2_Behavior",
            "t": "i 0 9"
          },
          "colorBlendOffset": {
            "o": 17,
            "v": "Constant 0.5 0.0",
            "tag": "1_bars",
            "t": "mvarf 0.0 1.0"
          },
          "alignmentPosition": {
            "o": 7,
            "v": "0.500000 0.500000",
            "tag": "0_general",
            "t": "f2 0.0 1.0"
          },
          "reactionAccumulatedDelay": {
            "o": 20,
            "v": 0,
            "tag": "2_Behavior",
            "t": "i 0 9"
          },
          "anchorY": {
            "o": 5,
            "v": "unset",
            "tag": "0_general",
            "t": "sel unset start center end"
          },
          "scaleIsUniform": {
            "o": 8,
            "v": 0,
            "tag": "0_general",
            "t": "b"
          },
          "anchorX": {
            "o": 4,
            "v": "unset",
            "tag": "0_general",
            "t": "sel unset start center end"
          },
          "v": "Bars",
          "Segment2": {
            "o": 23,
            "v": "None",
            "tag": "1_bars",
            "t": "_child None Bars Line SharpBars RoundBars"
          },
          "Segment1": {
            "mirror": {
              "o": 4,
              "v": 0,
              "tag": "b",
              "t": "b"
            },
            "v": "Line",
            "barHeightMultiplier": {
              "o": 3,
              "v": -2,
              "tag": "misc",
              "t": "f -2.0 2.0"
            },
            "fixedHeight": {
              "o": 2,
              "v": 0,
              "tag": "misc",
              "t": "f -50.0 50.0"
            },
            "t": "_child None Bars Line SharpBars RoundBars",
            "colorTo": {
              "o": 1,
              "v": 0,
              "tag": "misc",
              "t": "crgba"
            },
            "colorFrom": {
              "o": 0,
              "v": 7039851,
              "tag": "misc",
              "t": "crgba"
            },
            "tag": "1_bars",
            "o": 22,
            "flipEveryOther": {
              "o": 5,
              "v": 0,
              "tag": "b",
              "t": "b"
            }
          },
          "MeasurePos": {
            "measureWhat": {
              "o": 0,
              "v": "BeatRandomShake",
              "tag": "misc",
              "t": "_child Nothing BeatCamShakeMore BeatCamShakeLess BeatRandomShake ConstantShakeMore ConstantShake TrackPosition"
            },
            "o": 6,
            "v": "",
            "t": "_child",
            "A": {
              "o": 1,
              "v": 0.10000000149011612,
              "hint": "Amount",
              "t": "f 0.0 2.0",
              "tag": "misc"
            },
            "B": {
              "o": 2,
              "v": 1.0500000715255737,
              "hint": "Speed",
              "t": "f 0.0 2.0",
              "tag": "misc"
            },
            "tag": "0_general"
          },
          "flipInput": {
            "o": 13,
            "v": 0,
            "tag": "1_bars",
            "t": "b"
          },
          "softness": {
            "o": 18,
            "v": 20,
            "tag": "2_Behavior",
            "t": "i 0 20"
          },
          "heightScale": {
            "o": 14,
            "v": 1,
            "tag": "1_bars",
            "t": "f -10.0 10.0"
          }
        },
        {
          "position": {
            "o": 3,
            "v": "0.500000 0.500000",
            "tag": "0_general",
            "t": "f2 -1.0 1.0"
          },
          "scale": {
            "o": 9,
            "v": "0.500000 0.500000",
            "tag": "0_general",
            "t": "f2 0.0 2.0"
          },
          "visible": {
            "o": 1,
            "v": 1,
            "tag": "0_general",
            "t": "b"
          },
          "ShapePath": {
            "o": 16,
            "v": "Circle",
            "radius": {
              "o": 0,
              "v": 1.3125,
              "tag": "misc",
              "t": "f 0.5 3.0"
            },
            "t": "_child HorizontalLine Circle SidedPolygon Letter",
            "tag": "1_bars",
            "gap": {
              "o": 1,
              "v": 0,
              "tag": "misc",
              "t": "f 0.0 0.9"
            }
          },
          "blendMode": {
            "o": 2,
            "v": "PreMulAlpha",
            "tag": "0_general",
            "t": "_child Alpha PreMulAlpha Screen Add AddAlpha"
          },
          "_name": "Bars\/Line",
          "minHeightScale": {
            "o": 15,
            "v": 1.862645149230957E-9,
            "tag": "1_bars",
            "t": "f -0.03 0.03"
          },
          "ver": "10",
          "audioProviderIndex": {
            "o": 21,
            "v": 1,
            "tag": "2_Behavior",
            "t": "i 1 4"
          },
          "objType": "Bars",
          "measureRot": {
            "measureWhat": {
              "o": 0,
              "v": "TotalTime",
              "tag": "misc",
              "t": "_child Nothing Beat TotalTime TotalTimeBackward TotalTimeWhenPlaying TotalTimeAndBeat TrackPosition BeatRandomShake BeatCamShakeRotMore BeatCamShakeRotLess ConstantShakeRotMore ConstantShakeRotLess"
            },
            "o": 12,
            "v": "",
            "t": "_child",
            "A": {
              "o": 1,
              "v": 0.10000000149011612,
              "hint": "X Speed",
              "t": "f 0.0 1.0",
              "tag": "misc"
            },
            "B": {
              "o": 2,
              "v": 0.5,
              "hint": "Y Speed",
              "t": "f 0.0 1.0",
              "tag": "misc"
            },
            "tag": "0_general"
          },
          "measureScale": {
            "measureWhat": {
              "o": 0,
              "v": "Beat",
              "tag": "misc",
              "t": "_child Nothing Beat TotalTime TotalTimeBackward TotalTimeWhenPlaying TotalTimeAndBeat TrackPosition BeatRandomShake BeatCamShakeRotMore BeatCamShakeRotLess ConstantShakeRotMore ConstantShakeRotLess"
            },
            "o": 10,
            "v": "",
            "t": "_child",
            "A": {
              "o": 1,
              "v": 0.10000002384185791,
              "hint": "X Amount",
              "t": "f -1.0 1.0",
              "tag": "misc"
            },
            "B": {
              "o": 2,
              "v": 0.10000002384185791,
              "hint": "Y Amount",
              "t": "f -1.0 1.0",
              "tag": "misc"
            },
            "tag": "0_general"
          },
          "_id": {
            "o": 0,
            "v": 345,
            "tag": "",
            "t": "ih"
          },
          "rotation": {
            "o": 11,
            "v": 0,
            "tag": "0_general",
            "t": "f 0.0 300.0"
          },
          "reactionDelay": {
            "o": 19,
            "v": 0,
            "tag": "2_Behavior",
            "t": "i 0 9"
          },
          "colorBlendOffset": {
            "o": 17,
            "v": "Constant 0.5 0.0",
            "tag": "1_bars",
            "t": "mvarf 0.0 1.0"
          },
          "alignmentPosition": {
            "o": 7,
            "v": "0.500000 0.500000",
            "tag": "0_general",
            "t": "f2 0.0 1.0"
          },
          "reactionAccumulatedDelay": {
            "o": 20,
            "v": 0,
            "tag": "2_Behavior",
            "t": "i 0 9"
          },
          "anchorY": {
            "o": 5,
            "v": "unset",
            "tag": "0_general",
            "t": "sel unset start center end"
          },
          "scaleIsUniform": {
            "o": 8,
            "v": 0,
            "tag": "0_general",
            "t": "b"
          },
          "anchorX": {
            "o": 4,
            "v": "unset",
            "tag": "0_general",
            "t": "sel unset start center end"
          },
          "v": "Bars",
          "Segment2": {
            "o": 23,
            "v": "None",
            "tag": "1_bars",
            "t": "_child None Bars Line SharpBars RoundBars"
          },
          "Segment1": {
            "mirror": {
              "o": 4,
              "v": 0,
              "tag": "b",
              "t": "b"
            },
            "v": "Line",
            "barHeightMultiplier": {
              "o": 3,
              "v": -2,
              "tag": "misc",
              "t": "f -2.0 2.0"
            },
            "fixedHeight": {
              "o": 2,
              "v": 0,
              "tag": "misc",
              "t": "f -50.0 50.0"
            },
            "t": "_child None Bars Line SharpBars RoundBars",
            "colorTo": {
              "o": 1,
              "v": 0,
              "tag": "misc",
              "t": "crgba"
            },
            "colorFrom": {
              "o": 0,
              "v": 7039851,
              "tag": "misc",
              "t": "crgba"
            },
            "tag": "1_bars",
            "o": 22,
            "flipEveryOther": {
              "o": 5,
              "v": 0,
              "tag": "b",
              "t": "b"
            }
          },
          "MeasurePos": {
            "measureWhat": {
              "o": 0,
              "v": "BeatRandomShake",
              "tag": "misc",
              "t": "_child Nothing BeatCamShakeMore BeatCamShakeLess BeatRandomShake ConstantShakeMore ConstantShake TrackPosition"
            },
            "o": 6,
            "v": "",
            "t": "_child",
            "A": {
              "o": 1,
              "v": 0.10000000149011612,
              "hint": "Amount",
              "t": "f 0.0 2.0",
              "tag": "misc"
            },
            "B": {
              "o": 2,
              "v": 1.0500000715255737,
              "hint": "Speed",
              "t": "f 0.0 2.0",
              "tag": "misc"
            },
            "tag": "0_general"
          },
          "flipInput": {
            "o": 13,
            "v": 0,
            "tag": "1_bars",
            "t": "b"
          },
          "softness": {
            "o": 18,
            "v": 20,
            "tag": "2_Behavior",
            "t": "i 0 20"
          },
          "heightScale": {
            "o": 14,
            "v": 1,
            "tag": "1_bars",
            "t": "f -10.0 10.0"
          }
        }
      ],
      "outroFadeDuration": {
        "o": 2,
        "v": 0,
        "tag": "2_introOutro",
        "t": "f 0.0 10.0"
      }
    }
  ],
  "objType": "Root",
  "ver": "10"
}