{
  "compositions": [
    {
      "elements": [
        {
          "v": "AudioProvider",
          "objType": "AudioProvider",
          "ver": "10",
          "_name": "Audio Provider",
          "sampleProvider": {
            "v": "Spectrum",
            "t": "_child Waveform Spectrum",
            "o": 0,
            "tag": "0_general"
          },
          "fftSize": {
            "v": 13,
            "t": "i 7 13",
            "o": 1,
            "tag": "Performance"
          },
          "sampleOutCount": {
            "v": 40,
            "t": "i 0 512",
            "o": 2,
            "tag": "1_spectrum"
          },
          "lowerHz": {
            "v": 52.5,
            "t": "f 0.0 300.0",
            "o": 3,
            "tag": "1_spectrumHz"
          },
          "higherHz": {
            "v": 300,
            "t": "f 300.0 18000.0",
            "o": 4,
            "tag": "1_spectrumHz"
          },
          "hzLinearFactor": {
            "v": 1,
            "t": "f 0.0 1.0",
            "o": 5,
            "tag": "1_spectrumHz"
          },
          "freqShift": {
            "v": 0,
            "t": "f 0.0 1.0",
            "o": 6,
            "tag": "1_spectrumHz"
          },
          "mirrorSamples": {
            "v": 0,
            "t": "b",
            "o": 7,
            "tag": "1_spectrum"
          },
          "repeatSamples": {
            "v": 1,
            "t": "i 1 6",
            "o": 8,
            "tag": "1_spectrum"
          },
          "starAndEndGap": {
            "v": 0,
            "t": "i 0 30",
            "o": 9,
            "tag": "1_spectrum"
          },
          "smooth": {
            "v": 1,
            "t": "f 0.1 1.0",
            "o": 10,
            "tag": "1_spectrum"
          },
          "preSmooth": {
            "v": 1,
            "t": "f 0.1 1.0",
            "o": 11,
            "tag": "1_spectrum"
          },
          "filterRadius": {
            "v": 0,
            "t": "i 0 20",
            "o": 12,
            "tag": "1_spectrum"
          },
          "filterStrength": {
            "v": 0.10000000149011612,
            "t": "f 0.1 2.0",
            "o": 13,
            "tag": "1_spectrum"
          },
          "beatSmooth": {
            "v": 0.5949999690055847,
            "t": "f 0.1 1.0",
            "o": 14,
            "tag": "beat"
          },
          "beatRangeBarFirst": {
            "v": 0,
            "t": "f 0.0 1.0",
            "o": 15,
            "tag": "beat"
          },
          "beatRangeBarLast": {
            "v": 0.22500000894069672,
            "t": "f 0.0 1.0",
            "o": 16,
            "tag": "beat"
          },
          "beatRangeValueLower": {
            "v": 11.25,
            "t": "f 0.0 50.0",
            "o": 17,
            "tag": "beat"
          },
          "beatRangeValueHigher": {
            "v": 22.5,
            "t": "f 0.0 100.0",
            "o": 18,
            "tag": "beat"
          },
          "aWeight": {
            "v": 0.800000011920929,
            "t": "f 0.0 1.0",
            "o": 19,
            "tag": "1_spectrum"
          }
        },
        {
          "v": "BlurEffect",
          "objType": "BlurEffect",
          "ver": "10",
          "_id": {
            "v": 318,
            "t": "ih",
            "o": 0,
            "tag": ""
          },
          "visible": {
            "v": 1,
            "t": "b",
            "o": 1,
            "tag": "0_general"
          },
          "blendMode": {
            "v": "Alpha",
            "t": "_child Alpha PreMulAlpha Screen Add AddAlpha",
            "o": 2,
            "tag": "0_general"
          },
          "position": {
            "v": "0.500000 0.500000",
            "t": "f2 -1.0 1.0",
            "o": 3,
            "tag": "0_general"
          },
          "anchorX": {
            "v": "unset",
            "t": "sel unset start center end",
            "o": 4,
            "tag": "0_general"
          },
          "anchorY": {
            "v": "unset",
            "t": "sel unset start center end",
            "o": 5,
            "tag": "0_general"
          },
          "MeasurePos": {
            "v": "",
            "t": "_child",
            "o": 6,
            "tag": "0_general",
            "measureWhat": {
              "v": "Nothing",
              "t": "_child Nothing BeatCamShakeMore BeatCamShakeLess BeatRandomShake ConstantShakeMore ConstantShake TrackPosition",
              "o": 0,
              "tag": "misc"
            }
          },
          "alignmentPosition": {
            "v": "0.500000 0.500000",
            "t": "f2 0.0 1.0",
            "o": 7,
            "tag": "0_general"
          },
          "scaleIsUniform": {
            "v": 0,
            "t": "b",
            "o": 8,
            "tag": "0_general"
          },
          "scale": {
            "v": "0.500000 0.500000",
            "t": "f2 0.0 2.0",
            "o": 9,
            "tag": "0_general"
          },
          "measureScale": {
            "v": "",
            "t": "_child",
            "o": 10,
            "tag": "0_general",
            "measureWhat": {
              "v": "Nothing",
              "t": "_child Nothing Beat TotalTime TotalTimeBackward TotalTimeWhenPlaying TotalTimeAndBeat TrackPosition BeatRandomShake BeatCamShakeRotMore BeatCamShakeRotLess ConstantShakeRotMore ConstantShakeRotLess",
              "o": 0,
              "tag": "misc"
            }
          },
          "_name": "Blur Effect",
          "blendModeContent": {
            "v": "Alpha",
            "t": "_child Alpha PreMulAlpha Screen Add AddAlpha",
            "o": 11,
            "tag": "1_appearance"
          },
          "color": {
            "v": 1381653,
            "t": "crgba",
            "o": 12,
            "tag": "1_appearance"
          },
          "sourceCompositionIndex": {
            "v": 1,
            "t": "i 1 5",
            "o": 13,
            "tag": "1_appearance"
          },
          "MaskImage": {
            "v": "composition:2",
            "t": "img internalres:transparent internalres:white internalres:black internalres:particle_circle_blur4 internalres:particle_blur01 internalres:particle_blur_inv internalres:vignette80 composition:0",
            "o": 14,
            "tag": "1_appearance"
          },
          "blurRadius": {
            "v": 2,
            "t": "f 0.0 2.0",
            "o": 15,
            "tag": "2_blur"
          },
          "blurMultiplier": {
            "v": 6,
            "t": "f 2.0 6.0",
            "o": 16,
            "tag": "2_blur"
          },
          "showUnblurredContent": {
            "v": 0,
            "t": "b",
            "o": 17,
            "tag": "1_appearance"
          },
          "showUnblurredContentUnder": {
            "v": 1,
            "t": "b",
            "o": 18,
            "tag": "1_appearance"
          },
          "1layerScale": {
            "v": "1.000000 1.000000",
            "t": "f2 0.0 10.0",
            "o": 19,
            "tag": "2_blur"
          },
          "2layerScale": {
            "v": "1.000000 1.000000",
            "t": "f2 0.0 10.0",
            "o": 20,
            "tag": "2_blur"
          },
          "3layerScale": {
            "v": "1.000000 1.000000",
            "t": "f2 0.0 10.0",
            "o": 21,
            "tag": "2_blur"
          }
        },
        {
          "v": "Image",
          "objType": "Image",
          "ver": "10",
          "_id": {
            "v": 319,
            "t": "ih",
            "o": 0,
            "tag": ""
          },
          "visible": {
            "v": 0,
            "t": "b",
            "o": 1,
            "tag": "0_general"
          },
          "blendMode": {
            "v": "Screen",
            "t": "_child Alpha PreMulAlpha Screen Add AddAlpha",
            "o": 2,
            "tag": "0_general"
          },
          "position": {
            "v": "0.500000 0.500000",
            "t": "f2 -1.0 1.0",
            "o": 3,
            "tag": "0_general"
          },
          "anchorX": {
            "v": "unset",
            "t": "sel unset start center end",
            "o": 4,
            "tag": "0_general"
          },
          "anchorY": {
            "v": "unset",
            "t": "sel unset start center end",
            "o": 5,
            "tag": "0_general"
          },
          "MeasurePos": {
            "v": "",
            "t": "_child",
            "o": 6,
            "tag": "0_general",
            "measureWhat": {
              "v": "ConstantShake",
              "t": "_child Nothing BeatCamShakeMore BeatCamShakeLess BeatRandomShake ConstantShakeMore ConstantShake TrackPosition",
              "o": 0,
              "tag": "misc"
            },
            "A": {
              "v": 0,
              "t": "f 0.0 2.0",
              "o": 1,
              "tag": "misc",
              "hint": "Amount"
            },
            "B": {
              "v": 0,
              "t": "f 0.0 2.0",
              "o": 2,
              "tag": "misc",
              "hint": "Speed"
            }
          },
          "alignmentPosition": {
            "v": "0.500000 0.500000",
            "t": "f2 0.0 1.0",
            "o": 7,
            "tag": "0_general"
          },
          "scaleIsUniform": {
            "v": 0,
            "t": "b",
            "o": 8,
            "tag": "0_general"
          },
          "scale": {
            "v": "1.000000 1.000000",
            "t": "f2 0.0 2.0",
            "o": 9,
            "tag": "0_general"
          },
          "measureScale": {
            "v": "",
            "t": "_child",
            "o": 10,
            "tag": "0_general",
            "measureWhat": {
              "v": "Nothing",
              "t": "_child Nothing Beat TotalTime TotalTimeBackward TotalTimeWhenPlaying TotalTimeAndBeat TrackPosition BeatRandomShake BeatCamShakeRotMore BeatCamShakeRotLess ConstantShakeRotMore ConstantShakeRotLess",
              "o": 0,
              "tag": "misc"
            }
          },
          "rotation": {
            "v": 0,
            "t": "f 0.0 300.0",
            "o": 11,
            "tag": "0_general"
          },
          "measureRot": {
            "v": "",
            "t": "_child",
            "o": 12,
            "tag": "0_general",
            "measureWhat": {
              "v": "Nothing",
              "t": "_child Nothing Beat TotalTime TotalTimeBackward TotalTimeWhenPlaying TotalTimeAndBeat TrackPosition BeatRandomShake BeatCamShakeRotMore BeatCamShakeRotLess ConstantShakeRotMore ConstantShakeRotLess",
              "o": 0,
              "tag": "misc"
            }
          },
          "customImage": {
            "v": "content:\/\/com.android.providers.media.documents\/document\/image%3A227067",
            "t": "img internalres:white internalres:black internalres:particle_circle_blur4 internalres:vignette80 internalres:rainbow128 internalres:particle_blur01_more internalres:lens_flare internalres:lens_flare_2 composition:0",
            "o": 13,
            "tag": "1_image"
          },
          "measureAnimationSpeed": {
            "v": "",
            "t": "_child",
            "o": 14,
            "tag": "1_image",
            "measureWhat": {
              "v": "TotalTime",
              "t": "_child Nothing Beat TotalTime TotalTimeBackward TotalTimeWhenPlaying TotalTimeAndBeat TrackPosition",
              "o": 0,
              "tag": "misc"
            },
            "A": {
              "v": 0.25,
              "t": "f 0.0 2.0",
              "o": 1,
              "tag": "misc",
              "hint": "X Speed"
            },
            "B": {
              "v": 0.25,
              "t": "f 0.0 2.0",
              "o": 2,
              "tag": "misc",
              "hint": "Y Speed"
            }
          },
          "generatedAlbumArtHint": {
            "v": 0,
            "t": "ih 0 7",
            "o": 15,
            "tag": "generatedAlbumArt"
          },
          "generatedAlbumArtHintShiftHue": {
            "v": 0,
            "t": "b",
            "o": 16,
            "tag": "generatedAlbumArt"
          },
          "generatedAlbumArtHintNoText": {
            "v": 0,
            "t": "b",
            "o": 17,
            "tag": "generatedAlbumArt"
          },
          "generatedAlbumArtHintForceGen": {
            "v": 0,
            "t": "b",
            "o": 18,
            "tag": "generatedAlbumArt"
          },
          "generatedAlbumArtColor": {
            "v": -1,
            "t": "crgba",
            "o": 19,
            "tag": "generatedAlbumArt"
          },
          "keepAspectRatioAndCropToFit": {
            "v": 0,
            "t": "b",
            "o": 20,
            "tag": "1_image"
          },
          "colorKeyEnabled": {
            "v": 0,
            "t": "b",
            "o": 21,
            "tag": "2_ColorKey"
          },
          "autoDetectColorKey": {
            "v": 1,
            "t": "b",
            "o": 22,
            "tag": "2_ColorKey"
          },
          "colorKey": {
            "v": -16711936,
            "t": "crgb_hl",
            "o": 23,
            "tag": "2_ColorKey"
          },
          "transparencyStrength": {
            "v": 1,
            "t": "f 0.0 4.0",
            "o": 24,
            "tag": "2_ColorKey"
          },
          "opacityStrength": {
            "v": 1,
            "t": "f 0.0 4.0",
            "o": 25,
            "tag": "2_ColorKey"
          },
          "keepAspectRatio": {
            "v": 0,
            "t": "b",
            "o": 26,
            "tag": "1_image"
          },
          "blurredBorder": {
            "v": 1,
            "t": "b",
            "o": 27,
            "tag": "1_image"
          },
          "_name": "Image",
          "Color": {
            "v": "1.000000 1.000000 1.000000 1.000000",
            "t": "chsla4f",
            "o": 28,
            "tag": "2_color"
          },
          "ColorTo": {
            "v": "1.000000 1.000000 1.000000 1.000000",
            "t": "chsla4f",
            "o": 29,
            "tag": "2_color"
          },
          "MeasureColorBlend": {
            "v": "",
            "t": "_child",
            "o": 30,
            "tag": "2_color",
            "measureWhat": {
              "v": "Nothing",
              "t": "_child Nothing Beat TotalTime TotalTimeBackward TotalTimeWhenPlaying TotalTimeAndBeat TrackPosition BeatRandomShake BeatCamShakeRotMore BeatCamShakeRotLess ConstantShakeRotMore ConstantShakeRotLess",
              "o": 0,
              "tag": "misc"
            }
          },
          "blurEnabled": {
            "v": 0,
            "t": "b",
            "o": 31,
            "tag": "blur"
          },
          "blurDivider": {
            "v": 5,
            "t": "i 0 10",
            "o": 32,
            "tag": "blur"
          },
          "blurRadius": {
            "v": 7,
            "t": "i 1 25",
            "o": 33,
            "tag": "blur"
          },
          "Shape": {
            "v": "None",
            "t": "_child None Circle SidedPolygon Letter",
            "o": 34,
            "tag": "1_image"
          },
          "MaskImage": {
            "v": "",
            "t": "img internalres:transparent internalres:white internalres:black internalres:particle_circle_blur4 internalres:particle_blur01 internalres:particle_blur_inv internalres:vignette80 composition:0",
            "o": 35,
            "tag": "1_image"
          },
          "maskMode": {
            "v": "Transparency",
            "t": "sel Transparency TransparencyAndBlacks TransparencyAndWhites InvertedTransparency",
            "o": 36,
            "tag": "1_image"
          }
        },
        {
          "v": "Bars",
          "objType": "Bars",
          "ver": "10",
          "_id": {
            "v": 320,
            "t": "ih",
            "o": 0,
            "tag": ""
          },
          "visible": {
            "v": 1,
            "t": "b",
            "o": 1,
            "tag": "0_general"
          },
          "blendMode": {
            "v": "Alpha",
            "t": "_child Alpha PreMulAlpha Screen Add AddAlpha",
            "o": 2,
            "tag": "0_general"
          },
          "position": {
            "v": "0.250000 0.500000",
            "t": "f2 -1.0 1.0",
            "o": 3,
            "tag": "0_general"
          },
          "anchorX": {
            "v": "unset",
            "t": "sel unset start center end",
            "o": 4,
            "tag": "0_general"
          },
          "anchorY": {
            "v": "unset",
            "t": "sel unset start center end",
            "o": 5,
            "tag": "0_general"
          },
          "MeasurePos": {
            "v": "",
            "t": "_child",
            "o": 6,
            "tag": "0_general",
            "measureWhat": {
              "v": "Nothing",
              "t": "_child Nothing BeatCamShakeMore BeatCamShakeLess BeatRandomShake ConstantShakeMore ConstantShake TrackPosition",
              "o": 0,
              "tag": "misc"
            }
          },
          "alignmentPosition": {
            "v": "0.600000 0.050000",
            "t": "f2 0.0 1.0",
            "o": 7,
            "tag": "0_general"
          },
          "scaleIsUniform": {
            "v": 0,
            "t": "b",
            "o": 8,
            "tag": "0_general"
          },
          "scale": {
            "v": "0.450000 0.500000",
            "t": "f2 0.0 2.0",
            "o": 9,
            "tag": "0_general"
          },
          "measureScale": {
            "v": "",
            "t": "_child",
            "o": 10,
            "tag": "0_general",
            "measureWhat": {
              "v": "Nothing",
              "t": "_child Nothing Beat TotalTime TotalTimeBackward TotalTimeWhenPlaying TotalTimeAndBeat TrackPosition BeatRandomShake BeatCamShakeRotMore BeatCamShakeRotLess ConstantShakeRotMore ConstantShakeRotLess",
              "o": 0,
              "tag": "misc"
            }
          },
          "rotation": {
            "v": 0,
            "t": "f 0.0 300.0",
            "o": 11,
            "tag": "0_general"
          },
          "measureRot": {
            "v": "",
            "t": "_child",
            "o": 12,
            "tag": "0_general",
            "measureWhat": {
              "v": "Nothing",
              "t": "_child Nothing Beat TotalTime TotalTimeBackward TotalTimeWhenPlaying TotalTimeAndBeat TrackPosition BeatRandomShake BeatCamShakeRotMore BeatCamShakeRotLess ConstantShakeRotMore ConstantShakeRotLess",
              "o": 0,
              "tag": "misc"
            }
          },
          "_name": "Bars\/Line",
          "flipInput": {
            "v": 0,
            "t": "b",
            "o": 13,
            "tag": "1_bars"
          },
          "heightScale": {
            "v": 2.5,
            "t": "f -10.0 10.0",
            "o": 14,
            "tag": "1_bars"
          },
          "minHeightScale": {
            "v": 1.862645149230957E-9,
            "t": "f -0.03 0.03",
            "o": 15,
            "tag": "1_bars"
          },
          "ShapePath": {
            "v": "HorizontalLine",
            "t": "_child HorizontalLine Circle SidedPolygon Letter",
            "o": 16,
            "tag": "1_bars"
          },
          "colorBlendOffset": {
            "v": "Constant 0.0 0.0",
            "t": "mvarf 0.0 1.0",
            "o": 17,
            "tag": "1_bars"
          },
          "softness": {
            "v": 1,
            "t": "i 0 20",
            "o": 18,
            "tag": "2_Behavior"
          },
          "reactionDelay": {
            "v": 0,
            "t": "i 0 9",
            "o": 19,
            "tag": "2_Behavior"
          },
          "reactionAccumulatedDelay": {
            "v": 0,
            "t": "i 0 9",
            "o": 20,
            "tag": "2_Behavior"
          },
          "audioProviderIndex": {
            "v": 1,
            "t": "i 1 4",
            "o": 21,
            "tag": "2_Behavior"
          },
          "Segment1": {
            "v": "RoundBars",
            "t": "_child None Bars Line SharpBars RoundBars",
            "o": 22,
            "tag": "1_bars",
            "colorFrom": {
              "v": -1,
              "t": "crgba",
              "o": 0,
              "tag": "misc"
            },
            "colorTo": {
              "v": -1,
              "t": "crgba",
              "o": 1,
              "tag": "misc"
            },
            "fixedHeight": {
              "v": 0,
              "t": "f -50.0 50.0",
              "o": 2,
              "tag": "misc"
            },
            "barHeightMultiplier": {
              "v": 0.20000004768371582,
              "t": "f -2.0 2.0",
              "o": 3,
              "tag": "misc"
            },
            "barWidth": {
              "v": 0.5,
              "t": "f 0.0 2.0",
              "o": 4,
              "tag": "misc"
            },
            "barWidthAffectedByShape": {
              "v": 0,
              "t": "b",
              "o": 5,
              "tag": "b"
            },
            "mirror": {
              "v": 0,
              "t": "b",
              "o": 6,
              "tag": "misc"
            }
          },
          "Segment2": {
            "v": "None",
            "t": "_child None Bars Line SharpBars RoundBars",
            "o": 23,
            "tag": "1_bars"
          }
        },
        {
          "v": "Text",
          "objType": "Text",
          "ver": "10",
          "_id": {
            "v": 321,
            "t": "ih",
            "o": 0,
            "tag": ""
          },
          "visible": {
            "v": 1,
            "t": "b",
            "o": 1,
            "tag": "0_general"
          },
          "blendMode": {
            "v": "Alpha",
            "t": "_child Alpha PreMulAlpha Screen Add AddAlpha",
            "o": 2,
            "tag": "0_general"
          },
          "position": {
            "v": "0.225000 0.825000",
            "t": "f2 -1.0 1.0",
            "o": 3,
            "tag": "0_general"
          },
          "anchorX": {
            "v": "unset",
            "t": "sel unset start center end",
            "o": 4,
            "tag": "0_general"
          },
          "anchorY": {
            "v": "unset",
            "t": "sel unset start center end",
            "o": 5,
            "tag": "0_general"
          },
          "MeasurePos": {
            "v": "",
            "t": "_child",
            "o": 6,
            "tag": "0_general",
            "measureWhat": {
              "v": "Nothing",
              "t": "_child Nothing BeatCamShakeMore BeatCamShakeLess BeatRandomShake ConstantShakeMore ConstantShake TrackPosition",
              "o": 0,
              "tag": "misc"
            }
          },
          "alignmentPosition": {
            "v": "0.550000 0.275000",
            "t": "f2 0.0 1.0",
            "o": 7,
            "tag": "0_general"
          },
          "scaleIsUniform": {
            "v": 0,
            "t": "b",
            "o": 8,
            "tag": "0_general"
          },
          "scale": {
            "v": "0.450000 0.450000",
            "t": "f2 0.0 2.0",
            "o": 9,
            "tag": "0_general"
          },
          "measureScale": {
            "v": "",
            "t": "_child",
            "o": 10,
            "tag": "0_general",
            "measureWhat": {
              "v": "Nothing",
              "t": "_child Nothing Beat TotalTime TotalTimeBackward TotalTimeWhenPlaying TotalTimeAndBeat TrackPosition BeatRandomShake BeatCamShakeRotMore BeatCamShakeRotLess ConstantShakeRotMore ConstantShakeRotLess",
              "o": 0,
              "tag": "misc"
            }
          },
          "rotation": {
            "v": 0,
            "t": "f 0.0 300.0",
            "o": 11,
            "tag": "0_general"
          },
          "measureRot": {
            "v": "",
            "t": "_child",
            "o": 12,
            "tag": "0_general",
            "measureWhat": {
              "v": "Nothing",
              "t": "_child Nothing Beat TotalTime TotalTimeBackward TotalTimeWhenPlaying TotalTimeAndBeat TrackPosition BeatRandomShake BeatCamShakeRotMore BeatCamShakeRotLess ConstantShakeRotMore ConstantShakeRotLess",
              "o": 0,
              "tag": "misc"
            }
          },
          "_name": "Text",
          "text": {
            "v": "{ArtistOrTitle}",
            "t": "ptxt",
            "o": 13,
            "tag": "appearance"
          },
          "color": {
            "v": -1,
            "t": "crgba",
            "o": 14,
            "tag": "appearance"
          },
          "fontSize": {
            "v": 21,
            "t": "i 8 100",
            "o": 15,
            "tag": "appearance"
          },
          "typeFace": {
            "v": "",
            "t": "passet internal_0:2130837658 internal_1:2130837659 internal_2:2130837660 internal_3:2130837661",
            "o": 16,
            "tag": "appearance"
          }
        },
        {
          "v": "AppLogo",
          "objType": "AppLogo",
          "ver": "10",
          "typeFace": {
            "v": "internal_3",
            "t": "passet internal_0:2130837658 internal_1:2130837659 internal_2:2130837660 internal_3:2130837661",
            "o": 0,
            "tag": "appearance"
          },
          "_name": "AppLogo",
          "visible": {
            "v": 1,
            "t": "pb",
            "o": 1,
            "tag": "0_general",
            "hint": "AppLogo"
          },
          "color": {
            "v": -1869574000,
            "t": "crgba",
            "o": 2,
            "tag": "0_general"
          }
        }
      ],
      "v": "Composition",
      "objType": "Composition",
      "ver": "10",
      "_name": "Composition",
      "introBlendMode": {
        "v": "Alpha",
        "t": "sel Alpha AddAlpha",
        "o": 0,
        "tag": "2_introOutro"
      },
      "introFadeDuration": {
        "v": 0,
        "t": "f 0.0 10.0",
        "o": 1,
        "tag": "2_introOutro"
      },
      "outroFadeDuration": {
        "v": 0,
        "t": "f 0.0 10.0",
        "o": 2,
        "tag": "2_introOutro"
      },
      "introFadeColor": {
        "v": -553648128,
        "t": "crgba",
        "o": 3,
        "tag": "2_introOutro"
      }
    },
    {
      "elements": [
        {
          "v": "Image",
          "objType": "Image",
          "ver": "10",
          "_id": {
            "v": 324,
            "t": "ih",
            "o": 0,
            "tag": ""
          },
          "visible": {
            "v": 1,
            "t": "b",
            "o": 1,
            "tag": "0_general"
          },
          "blendMode": {
            "v": "Alpha",
            "t": "_child Alpha PreMulAlpha Screen Add AddAlpha",
            "o": 2,
            "tag": "0_general"
          },
          "position": {
            "v": "0.500000 0.500000",
            "t": "f2 -1.0 1.0",
            "o": 3,
            "tag": "0_general"
          },
          "anchorX": {
            "v": "unset",
            "t": "sel unset start center end",
            "o": 4,
            "tag": "0_general"
          },
          "anchorY": {
            "v": "unset",
            "t": "sel unset start center end",
            "o": 5,
            "tag": "0_general"
          },
          "MeasurePos": {
            "v": "",
            "t": "_child",
            "o": 6,
            "tag": "0_general",
            "measureWhat": {
              "v": "ConstantShake",
              "t": "_child Nothing BeatCamShakeMore BeatCamShakeLess BeatRandomShake ConstantShakeMore ConstantShake TrackPosition",
              "o": 0,
              "tag": "misc"
            },
            "A": {
              "v": 0.5,
              "t": "f 0.0 2.0",
              "o": 1,
              "tag": "misc",
              "hint": "Amount"
            },
            "B": {
              "v": 0.10000000149011612,
              "t": "f 0.0 2.0",
              "o": 2,
              "tag": "misc",
              "hint": "Speed"
            }
          },
          "alignmentPosition": {
            "v": "0.500000 0.500000",
            "t": "f2 0.0 1.0",
            "o": 7,
            "tag": "0_general"
          },
          "scaleIsUniform": {
            "v": 0,
            "t": "b",
            "o": 8,
            "tag": "0_general"
          },
          "scale": {
            "v": "1.250000 1.250000",
            "t": "f2 0.0 2.0",
            "o": 9,
            "tag": "0_general"
          },
          "measureScale": {
            "v": "",
            "t": "_child",
            "o": 10,
            "tag": "0_general",
            "measureWhat": {
              "v": "Nothing",
              "t": "_child Nothing Beat TotalTime TotalTimeBackward TotalTimeWhenPlaying TotalTimeAndBeat TrackPosition BeatRandomShake BeatCamShakeRotMore BeatCamShakeRotLess ConstantShakeRotMore ConstantShakeRotLess",
              "o": 0,
              "tag": "misc"
            }
          },
          "rotation": {
            "v": 0,
            "t": "f 0.0 300.0",
            "o": 11,
            "tag": "0_general"
          },
          "measureRot": {
            "v": "",
            "t": "_child",
            "o": 12,
            "tag": "0_general",
            "measureWhat": {
              "v": "Nothing",
              "t": "_child Nothing Beat TotalTime TotalTimeBackward TotalTimeWhenPlaying TotalTimeAndBeat TrackPosition BeatRandomShake BeatCamShakeRotMore BeatCamShakeRotLess ConstantShakeRotMore ConstantShakeRotLess",
              "o": 0,
              "tag": "misc"
            }
          },
          "customImage": {
            "v": "content:\/\/com.android.externalstorage.documents\/document\/primary%3ADownload%2Flock-50796_1280.jpg",
            "t": "img internalres:white internalres:black internalres:particle_circle_blur4 internalres:vignette80 internalres:rainbow128 internalres:particle_blur01_more internalres:lens_flare internalres:lens_flare_2 composition:0",
            "o": 13,
            "tag": "1_image"
          },
          "measureAnimationSpeed": {
            "v": "",
            "t": "_child",
            "o": 14,
            "tag": "1_image",
            "measureWhat": {
              "v": "Nothing",
              "t": "_child Nothing Beat TotalTime TotalTimeBackward TotalTimeWhenPlaying TotalTimeAndBeat TrackPosition",
              "o": 0,
              "tag": "misc"
            }
          },
          "generatedAlbumArtHint": {
            "v": 0,
            "t": "ih 0 7",
            "o": 15,
            "tag": "generatedAlbumArt"
          },
          "generatedAlbumArtHintShiftHue": {
            "v": 0,
            "t": "b",
            "o": 16,
            "tag": "generatedAlbumArt"
          },
          "generatedAlbumArtHintNoText": {
            "v": 0,
            "t": "b",
            "o": 17,
            "tag": "generatedAlbumArt"
          },
          "generatedAlbumArtHintForceGen": {
            "v": 0,
            "t": "b",
            "o": 18,
            "tag": "generatedAlbumArt"
          },
          "generatedAlbumArtColor": {
            "v": -1,
            "t": "crgba",
            "o": 19,
            "tag": "generatedAlbumArt"
          },
          "keepAspectRatioAndCropToFit": {
            "v": 0,
            "t": "b",
            "o": 20,
            "tag": "1_image"
          },
          "colorKeyEnabled": {
            "v": 0,
            "t": "b",
            "o": 21,
            "tag": "2_ColorKey"
          },
          "autoDetectColorKey": {
            "v": 1,
            "t": "b",
            "o": 22,
            "tag": "2_ColorKey"
          },
          "colorKey": {
            "v": -16711936,
            "t": "crgb_hl",
            "o": 23,
            "tag": "2_ColorKey"
          },
          "transparencyStrength": {
            "v": 1,
            "t": "f 0.0 4.0",
            "o": 24,
            "tag": "2_ColorKey"
          },
          "opacityStrength": {
            "v": 1,
            "t": "f 0.0 4.0",
            "o": 25,
            "tag": "2_ColorKey"
          },
          "keepAspectRatio": {
            "v": 1,
            "t": "b",
            "o": 26,
            "tag": "1_image"
          },
          "blurredBorder": {
            "v": 1,
            "t": "b",
            "o": 27,
            "tag": "1_image"
          },
          "_name": "Image",
          "Color": {
            "v": "1.000000 1.000000 1.000000 1.000000",
            "t": "chsla4f",
            "o": 28,
            "tag": "2_color"
          },
          "ColorTo": {
            "v": "1.000000 1.000000 1.000000 1.000000",
            "t": "chsla4f",
            "o": 29,
            "tag": "2_color"
          },
          "MeasureColorBlend": {
            "v": "",
            "t": "_child",
            "o": 30,
            "tag": "2_color",
            "measureWhat": {
              "v": "Nothing",
              "t": "_child Nothing Beat TotalTime TotalTimeBackward TotalTimeWhenPlaying TotalTimeAndBeat TrackPosition BeatRandomShake BeatCamShakeRotMore BeatCamShakeRotLess ConstantShakeRotMore ConstantShakeRotLess",
              "o": 0,
              "tag": "misc"
            }
          },
          "blurEnabled": {
            "v": 0,
            "t": "b",
            "o": 31,
            "tag": "blur"
          },
          "blurDivider": {
            "v": 5,
            "t": "i 0 10",
            "o": 32,
            "tag": "blur"
          },
          "blurRadius": {
            "v": 7,
            "t": "i 1 25",
            "o": 33,
            "tag": "blur"
          },
          "Shape": {
            "v": "None",
            "t": "_child None Circle SidedPolygon Letter",
            "o": 34,
            "tag": "1_image"
          },
          "MaskImage": {
            "v": "",
            "t": "img internalres:transparent internalres:white internalres:black internalres:particle_circle_blur4 internalres:particle_blur01 internalres:particle_blur_inv internalres:vignette80 composition:0",
            "o": 35,
            "tag": "1_image"
          },
          "maskMode": {
            "v": "Transparency",
            "t": "sel Transparency TransparencyAndBlacks TransparencyAndWhites InvertedTransparency",
            "o": 36,
            "tag": "1_image"
          }
        }
      ],
      "v": "Composition",
      "objType": "Composition",
      "ver": "10",
      "_name": "Composition",
      "introBlendMode": {
        "v": "Alpha",
        "t": "sel Alpha AddAlpha",
        "o": 0,
        "tag": "2_introOutro"
      },
      "introFadeDuration": {
        "v": 0,
        "t": "f 0.0 10.0",
        "o": 1,
        "tag": "2_introOutro"
      },
      "outroFadeDuration": {
        "v": 0,
        "t": "f 0.0 10.0",
        "o": 2,
        "tag": "2_introOutro"
      },
      "introFadeColor": {
        "v": -553648128,
        "t": "crgba",
        "o": 3,
        "tag": "2_introOutro"
      }
    },
    {
      "elements": [
        {
          "v": "Image",
          "objType": "Image",
          "ver": "10",
          "_id": {
            "v": 326,
            "t": "ih",
            "o": 0,
            "tag": ""
          },
          "visible": {
            "v": 1,
            "t": "b",
            "o": 1,
            "tag": "0_general"
          },
          "blendMode": {
            "v": "Alpha",
            "t": "_child Alpha PreMulAlpha Screen Add AddAlpha",
            "o": 2,
            "tag": "0_general"
          },
          "position": {
            "v": "0.225000 0.800000",
            "t": "f2 -1.0 1.0",
            "o": 3,
            "tag": "0_general"
          },
          "anchorX": {
            "v": "unset",
            "t": "sel unset start center end",
            "o": 4,
            "tag": "0_general"
          },
          "anchorY": {
            "v": "unset",
            "t": "sel unset start center end",
            "o": 5,
            "tag": "0_general"
          },
          "MeasurePos": {
            "v": "",
            "t": "_child",
            "o": 6,
            "tag": "0_general",
            "measureWhat": {
              "v": "Nothing",
              "t": "_child Nothing BeatCamShakeMore BeatCamShakeLess BeatRandomShake ConstantShakeMore ConstantShake TrackPosition",
              "o": 0,
              "tag": "misc"
            }
          },
          "alignmentPosition": {
            "v": "0.525000 0.500000",
            "t": "f2 0.0 1.0",
            "o": 7,
            "tag": "0_general"
          },
          "scaleIsUniform": {
            "v": 0,
            "t": "b",
            "o": 8,
            "tag": "0_general"
          },
          "scale": {
            "v": "0.450000 0.150000",
            "t": "f2 0.0 2.0",
            "o": 9,
            "tag": "0_general"
          },
          "measureScale": {
            "v": "",
            "t": "_child",
            "o": 10,
            "tag": "0_general",
            "measureWhat": {
              "v": "Nothing",
              "t": "_child Nothing Beat TotalTime TotalTimeBackward TotalTimeWhenPlaying TotalTimeAndBeat TrackPosition BeatRandomShake BeatCamShakeRotMore BeatCamShakeRotLess ConstantShakeRotMore ConstantShakeRotLess",
              "o": 0,
              "tag": "misc"
            }
          },
          "rotation": {
            "v": 0,
            "t": "f 0.0 300.0",
            "o": 11,
            "tag": "0_general"
          },
          "measureRot": {
            "v": "",
            "t": "_child",
            "o": 12,
            "tag": "0_general",
            "measureWhat": {
              "v": "Nothing",
              "t": "_child Nothing Beat TotalTime TotalTimeBackward TotalTimeWhenPlaying TotalTimeAndBeat TrackPosition BeatRandomShake BeatCamShakeRotMore BeatCamShakeRotLess ConstantShakeRotMore ConstantShakeRotLess",
              "o": 0,
              "tag": "misc"
            }
          },
          "customImage": {
            "v": "",
            "t": "img internalres:white internalres:black internalres:particle_circle_blur4 internalres:vignette80 internalres:rainbow128 internalres:particle_blur01_more internalres:lens_flare internalres:lens_flare_2 composition:0",
            "o": 13,
            "tag": "1_image"
          },
          "measureAnimationSpeed": {
            "v": "",
            "t": "_child",
            "o": 14,
            "tag": "1_image",
            "measureWhat": {
              "v": "Nothing",
              "t": "_child Nothing Beat TotalTime TotalTimeBackward TotalTimeWhenPlaying TotalTimeAndBeat TrackPosition",
              "o": 0,
              "tag": "misc"
            }
          },
          "generatedAlbumArtHint": {
            "v": 0,
            "t": "ih 0 7",
            "o": 15,
            "tag": "generatedAlbumArt"
          },
          "generatedAlbumArtHintShiftHue": {
            "v": 0,
            "t": "b",
            "o": 16,
            "tag": "generatedAlbumArt"
          },
          "generatedAlbumArtHintNoText": {
            "v": 0,
            "t": "b",
            "o": 17,
            "tag": "generatedAlbumArt"
          },
          "generatedAlbumArtHintForceGen": {
            "v": 0,
            "t": "b",
            "o": 18,
            "tag": "generatedAlbumArt"
          },
          "generatedAlbumArtColor": {
            "v": -1,
            "t": "crgba",
            "o": 19,
            "tag": "generatedAlbumArt"
          },
          "keepAspectRatioAndCropToFit": {
            "v": 0,
            "t": "b",
            "o": 20,
            "tag": "1_image"
          },
          "colorKeyEnabled": {
            "v": 0,
            "t": "b",
            "o": 21,
            "tag": "2_ColorKey"
          },
          "autoDetectColorKey": {
            "v": 1,
            "t": "b",
            "o": 22,
            "tag": "2_ColorKey"
          },
          "colorKey": {
            "v": -16711936,
            "t": "crgb_hl",
            "o": 23,
            "tag": "2_ColorKey"
          },
          "transparencyStrength": {
            "v": 1,
            "t": "f 0.0 4.0",
            "o": 24,
            "tag": "2_ColorKey"
          },
          "opacityStrength": {
            "v": 1,
            "t": "f 0.0 4.0",
            "o": 25,
            "tag": "2_ColorKey"
          },
          "keepAspectRatio": {
            "v": 1,
            "t": "b",
            "o": 26,
            "tag": "1_image"
          },
          "blurredBorder": {
            "v": 1,
            "t": "b",
            "o": 27,
            "tag": "1_image"
          },
          "_name": "Image",
          "Color": {
            "v": "1.000000 1.000000 1.000000 1.000000",
            "t": "chsla4f",
            "o": 28,
            "tag": "2_color"
          },
          "ColorTo": {
            "v": "1.000000 1.000000 1.000000 1.000000",
            "t": "chsla4f",
            "o": 29,
            "tag": "2_color"
          },
          "MeasureColorBlend": {
            "v": "",
            "t": "_child",
            "o": 30,
            "tag": "2_color",
            "measureWhat": {
              "v": "Nothing",
              "t": "_child Nothing Beat TotalTime TotalTimeBackward TotalTimeWhenPlaying TotalTimeAndBeat TrackPosition BeatRandomShake BeatCamShakeRotMore BeatCamShakeRotLess ConstantShakeRotMore ConstantShakeRotLess",
              "o": 0,
              "tag": "misc"
            }
          },
          "blurEnabled": {
            "v": 1,
            "t": "b",
            "o": 31,
            "tag": "blur"
          },
          "blurDivider": {
            "v": 5,
            "t": "i 0 10",
            "o": 32,
            "tag": "blur"
          },
          "blurRadius": {
            "v": 7,
            "t": "i 1 25",
            "o": 33,
            "tag": "blur"
          },
          "Shape": {
            "v": "None",
            "t": "_child None Circle SidedPolygon Letter",
            "o": 34,
            "tag": "1_image"
          },
          "MaskImage": {
            "v": "",
            "t": "img internalres:transparent internalres:white internalres:black internalres:particle_circle_blur4 internalres:particle_blur01 internalres:particle_blur_inv internalres:vignette80 composition:0",
            "o": 35,
            "tag": "1_image"
          },
          "maskMode": {
            "v": "Transparency",
            "t": "sel Transparency TransparencyAndBlacks TransparencyAndWhites InvertedTransparency",
            "o": 36,
            "tag": "1_image"
          }
        }
      ],
      "v": "Composition",
      "objType": "Composition",
      "ver": "10",
      "_name": "Composition",
      "introBlendMode": {
        "v": "Alpha",
        "t": "sel Alpha AddAlpha",
        "o": 0,
        "tag": "2_introOutro"
      },
      "introFadeDuration": {
        "v": 0,
        "t": "f 0.0 10.0",
        "o": 1,
        "tag": "2_introOutro"
      },
      "outroFadeDuration": {
        "v": 0,
        "t": "f 0.0 10.0",
        "o": 2,
        "tag": "2_introOutro"
      },
      "introFadeColor": {
        "v": -553648128,
        "t": "crgba",
        "o": 3,
        "tag": "2_introOutro"
      }
    }
  ],
  "ver": "10",
  "template": 17,
  "objType": "Root"
}